first_name,last_name,dob,country_code,id_number,email,phone,risk_flag,status
Andrew,Williams,1960-05-29,ES,145-55-8267,cmcknight@example.net,9086352956,Low,Pending
David,Armstrong,1964-02-01,EC,813-26-0849,collinsgary@example.org,8546333346,Low,Verified
Kevin,Flores,1945-09-25,MK,456-44-6761,brooke98@example.com,001-436-823-5981x81562,Low,Flagged
Andrea,Young,1951-07-23,GT,581-19-9891,rharrington@example.net,(212)886-7921,Low,Verified
Nathan,Davis,1946-06-01,MY,645-24-5398,dennisfigueroa@example.net,(243)745-6352,Low,Flagged
Phillip,Miller,1956-10-23,TD,335-29-5256,ipatterson@example.org,+1-779-498-5707x44444,Low,Flagged
Katherine,Paul,1985-02-10,AE,353-78-1299,fclarke@example.net,001-248-686-4023x2069,High,Flagged
Michael,Pennington,1961-04-11,TJ,848-18-0668,corey11@example.com,384.997.4767x2833,Low,Flagged
Steven,Mcbride,1973-10-15,MK,057-41-9266,odonnellshelia@example.net,+1-241-918-8814,Low,Flagged
Karen,Bell,2006-01-22,TW,716-13-1002,deborahmcintyre@example.net,264-723-5715,Low,Flagged
Pamela,Reed,1944-12-19,CL,108-93-9850,bbaxter@example.net,549-346-5335,Low,Pending
Danielle,Walsh,1986-02-02,PK,058-83-2653,nosborne@example.com,383.604.5211x037,High,Verified
Joseph,Snow,1947-04-18,MZ,663-17-1669,brian04@example.net,(442)424-2603x540,Low,Flagged
Thomas,Coleman,1998-03-02,AT,250-09-3852,williamstimothy@example.net,6604015502,Low,Pending
Lisa,Smith,1968-07-04,SK,865-16-7893,monique08@example.net,001-764-569-0399x661,High,Verified
Emily,Roach,1958-09-21,CV,038-28-2109,bradleywang@example.org,(673)631-4548x594,Low,Flagged
Michael,Schroeder,1966-04-16,BZ,365-33-8202,zbeltran@example.org,253-607-7659x2548,Low,Verified
Tony,Parker,1956-06-10,AF,669-67-2217,shelbykennedy@example.com,6147058897,Low,Pending
Regina,Russell,1980-08-06,SC,694-09-0036,billywells@example.net,702-824-2142,Low,Verified
Lisa,Suarez,1973-06-06,ML,677-40-3540,kellyrusso@example.com,992-256-1550,Low,Flagged
Stacey,Heath,1965-12-21,PL,721-04-2064,yclark@example.com,681-816-2658,Low,Verified
James,Vargas,1991-12-14,MM,759-99-7509,yelliott@example.com,947.952.8723x656,Low,Pending
Samantha,Hall,1954-07-16,BE,199-07-3324,michael84@example.net,(230)910-8405x828,Low,Flagged
Ashley,Reid,1998-01-15,TN,877-52-9661,dawn64@example.net,001-240-318-2650,Low,Pending
Michelle,Hart,1962-01-10,MY,776-50-9283,brianjohnson@example.com,4806655663,Low,Verified
Lindsey,Morris,1958-08-31,SV,309-96-3537,susanjohnson@example.net,(941)742-3754,Low,Verified
Daniel,Wilson,1953-11-19,QA,242-37-8952,cjohnston@example.org,751.846.6429x9436,Low,Verified
Debra,Chapman,1968-09-16,ZA,199-02-5155,elizabethharrell@example.org,594-340-9912,Low,Flagged
Allison,Black,1951-06-10,AO,598-74-4304,thomasbrown@example.org,870-627-4460x319,Low,Verified
Eduardo,Gallegos,1967-09-26,OM,745-04-6384,sophia33@example.net,619-533-7532,Low,Pending
William,Newton,1976-11-09,MG,774-83-6060,paige39@example.net,(631)722-6268,Low,Pending
James,Riddle,1990-07-17,MT,413-66-4293,jonesandrew@example.com,271-889-8688x767,Low,Flagged
Candace,Cochran,1974-10-18,SG,166-94-4352,clarkgabriela@example.com,460.628.0990x77592,Low,Verified
Sarah,Malone,1983-05-21,KZ,164-22-2263,hillchristopher@example.org,952-405-9670x42183,High,Flagged
Katie,Smith,1964-11-20,YE,564-19-6551,jgomez@example.com,205-510-6038x54850,Low,Verified
Holly,Rogers,1979-11-05,DE,634-80-6155,rebekah61@example.com,001-367-856-1123x297,Low,Verified
Caitlyn,Guzman,1998-10-07,SE,558-51-3440,dustinlee@example.org,+1-732-782-8656x2180,High,Verified
Amy,Smith,1953-09-21,UG,258-77-6407,gjennings@example.org,001-355-970-6333x25540,Low,Flagged
Terri,Montgomery,2004-10-24,CA,727-24-4962,hallchristopher@example.net,718-296-4629,Low,Pending
Kaitlyn,Hunter,1969-08-28,VC,891-23-5985,rachel17@example.net,662-649-9845,Low,Verified
Jessica,Flores,1957-12-16,CH,247-07-1984,williamsangela@example.net,+1-346-744-2617x697,Low,Flagged
Benjamin,Pratt,1969-04-04,CY,571-93-2669,steven79@example.net,001-768-819-0617x0836,Low,Verified
Aaron,Ryan,1999-08-25,IQ,734-29-2319,david69@example.net,001-241-561-6623,Low,Verified
Timothy,Foster,1950-10-13,US,284-19-3181,mlawson@example.net,001-696-558-1603x7977,Low,Pending
Amanda,Simpson,1983-10-19,CF,285-14-1881,lindseystark@example.net,+1-640-880-9949x753,Low,Verified
Anne,Harris,1982-03-16,CM,695-53-6700,carolyn82@example.net,864-775-7709,Low,Verified
James,Hooper,1992-06-13,TM,570-90-7836,stephanie48@example.net,(803)232-1830x0176,Low,Flagged
Zachary,Vaughan,1947-03-29,NP,558-18-5170,julie66@example.net,(448)393-2793x61402,Low,Pending
Anna,Nelson,1979-11-01,DO,679-35-3413,hahnjay@example.org,895-267-1755,Low,Flagged
Danielle,Roman,1973-05-02,PY,523-78-1945,anthony15@example.com,+1-572-306-9657x295,Low,Flagged
Walter,Holland,1970-06-02,AZ,678-38-5072,timothyreyes@example.com,+1-282-999-5997x278,Low,Pending
Joshua,Lawson,1963-03-22,SR,439-93-6128,wmason@example.net,898-608-9614x16699,Low,Flagged
Michael,Ortega,1982-09-06,NE,789-68-3348,wsmith@example.net,001-737-564-4015x959,Low,Pending
Devin,Frazier,1964-12-29,BT,761-27-3611,willismatthew@example.net,(898)372-0744x8785,Low,Pending
Martha,Gillespie,1986-09-14,PE,801-99-1707,wellsjeremy@example.com,284-655-4544x6129,Low,Flagged
Laura,Powers,1967-02-08,AU,788-71-4425,xmartinez@example.org,856-305-1628x180,Low,Flagged
Virginia,Barron,1999-04-06,TT,541-78-7550,tracy51@example.com,3424343797,Low,Verified
Kimberly,Jimenez,1976-09-03,KM,868-24-0245,edwardschmitt@example.org,(440)997-7853x27950,Low,Pending
Andrea,Obrien,2007-03-12,CM,465-86-7011,riveramichael@example.org,4712520565,Low,Flagged
Trevor,Anderson,1961-06-06,DK,526-06-8588,mitchell31@example.net,846-502-9599x3965,High,Verified
Nicole,Bauer,2005-08-06,KG,507-32-5268,grosssamantha@example.com,+1-394-851-9819,Low,Flagged
Norma,Torres,1960-10-31,DJ,473-92-0440,stevencamacho@example.net,675.863.3765x82705,Low,Verified
Dennis,Miller,1952-06-28,ER,036-27-1761,erikfarrell@example.com,(223)719-1105,Low,Verified
Nicole,Farley,1949-04-25,MC,099-15-7879,jonjohnston@example.com,001-986-556-6323x4716,Low,Flagged
Antonio,Anderson,1957-05-27,BH,878-65-5260,tford@example.com,703-287-0069x7981,Low,Flagged
Emma,Scott,1949-06-25,RU,895-01-3463,courtneysimpson@example.com,643-319-1612x307,Low,Pending
Richard,Lowe,1967-09-02,SE,058-57-8340,rgutierrez@example.net,633-448-2844x755,Low,Flagged
Shawn,Bond,1976-05-03,MY,259-81-1089,lori62@example.net,+1-778-360-8689x4646,Low,Pending
Nancy,House,1957-08-06,PL,296-13-1948,fmendoza@example.com,001-930-535-0644x9232,Low,Verified
Timothy,Brooks,1968-10-06,YE,271-98-3410,sarahmiller@example.net,908-510-8311x62603,Low,Flagged
Mark,Wilkerson,1998-01-28,MA,671-18-8178,megan86@example.net,751.206.2639x49136,Low,Flagged
Aaron,Nelson,1954-06-07,UA,497-07-0149,bryantjessica@example.com,634.754.5234x12220,Low,Flagged
Eugene,Carpenter,1952-08-13,CZ,754-14-1439,tonyawilliams@example.net,001-475-394-6194x3450,Low,Flagged
David,Gillespie,1956-04-02,SM,353-34-2929,joe38@example.com,721.964.3376,Low,Pending
Kristine,Morgan,1962-05-30,NG,168-53-3681,mblair@example.org,001-296-693-6087x900,High,Flagged
Joshua,Hayden,1960-03-29,TJ,523-42-9347,rachel45@example.com,640.404.4796,Low,Flagged
Sandra,Estes,2000-09-19,DJ,831-02-3378,brooksmandy@example.com,001-639-200-8323x95777,Low,Flagged
Jacob,Lowe,1973-09-01,NI,181-61-6507,nmorris@example.com,951.271.0266x047,Low,Flagged
Veronica,Mendez,1986-03-20,BG,585-97-3864,shane01@example.org,+1-766-264-9065x6788,Low,Verified
Cindy,Chavez,1981-08-07,GB,258-13-9544,dcollins@example.com,+1-409-878-2061,Low,Flagged
Sandra,Yang,1982-08-28,UZ,826-05-4379,stanleykevin@example.org,001-877-736-9659x08822,Low,Pending
Jacqueline,Graham,1976-01-25,SB,234-26-1972,amandapitts@example.com,(546)675-2235x25046,Low,Verified
Daniel,Delgado,1955-01-09,BG,864-98-3573,nmann@example.org,(732)850-1927x3737,Low,Pending
Lindsey,Giles,1968-08-10,LB,572-97-9617,fhenry@example.com,+1-630-766-7498x079,Low,Pending
Kevin,Carney,1954-12-30,ZA,488-55-8964,joseph62@example.net,607-768-6796x6969,Low,Pending
Jessica,Russell,1990-12-05,RO,189-18-8019,jasonhanna@example.net,755-675-4054x603,Low,Flagged
Richard,Schmidt,1978-08-19,KR,134-47-1752,grahamjohn@example.net,001-817-712-0033,Low,Verified
Charles,Snyder,2001-11-24,AZ,148-85-0063,anthony87@example.net,750-662-9086x932,Low,Pending
Jennifer,Henderson,1957-05-19,RU,664-77-4334,cathy79@example.org,+1-525-940-3601x1444,Low,Pending
Jennifer,Wright,1969-08-11,CF,150-53-6232,fischernathaniel@example.net,403.546.4106x392,Low,Pending
Jessica,Romero,1964-04-12,AL,788-51-1165,david00@example.com,001-557-796-4564,Low,Flagged
Paul,Sandoval,1951-08-03,EG,368-72-7001,hallcarmen@example.net,(298)364-3089,Low,Pending
Alfred,Torres,1973-06-05,AZ,652-73-6101,jessica54@example.net,780.229.5303x83533,Low,Pending
Loretta,Webb,1996-07-11,NG,664-98-1799,jschmitt@example.com,660.397.6776,High,Verified
Nancy,Rodriguez,1983-03-19,GQ,049-31-7123,wjuarez@example.net,(896)515-9934x4967,Low,Pending
Yvonne,Keller,1972-02-12,UZ,406-52-7048,amanda43@example.com,+1-280-550-7525x8431,Low,Verified
Brent,Craig,1996-03-21,KZ,262-12-5919,bcole@example.org,(590)540-8213,Low,Verified
Matthew,Lewis,1964-03-08,ES,195-27-6151,tyler45@example.com,655-806-1058,Low,Verified
David,Thompson,1948-01-16,TD,073-42-0281,oliviamooney@example.com,9458065120,Low,Pending
Jackie,King,2003-05-29,PY,463-65-6776,smithmichelle@example.net,979.675.2264x760,Low,Pending
Jonathan,Yang,1981-09-16,MR,344-06-8863,gracereyes@example.net,304-334-5425,Low,Pending
Walter,Yang,1946-02-12,BA,691-41-1664,lwright@example.com,537-883-8349x8323,Low,Verified
George,Liu,1959-10-08,MM,768-78-9871,lisaanderson@example.org,850.600.9791x57052,Low,Flagged
Nicole,Crawford,1983-03-31,LK,047-77-2158,jgarcia@example.net,769-902-3039x3487,Low,Flagged
Karen,Sanchez,2003-08-05,EG,025-74-4593,christopher09@example.net,789-244-9039x819,Low,Flagged
Jake,Petty,1952-03-11,AM,873-37-8841,catherinegill@example.com,928-418-4972,Low,Flagged
Monica,Boyd,1948-04-12,TO,854-50-3522,garrett58@example.net,(556)657-2135x6849,Low,Pending
Kenneth,Robinson,1950-11-24,MN,194-01-1788,rebeccajohnson@example.net,838.318.0793x690,Low,Verified
Mary,Smith,1975-01-17,AM,362-88-3121,robertmiller@example.net,+1-607-224-0824x522,Low,Pending
John,Brown,1947-03-14,BB,252-49-8491,michaelmcdonald@example.com,+1-244-228-3534,Low,Verified
Heidi,Ross,1962-02-27,CN,816-82-9847,dmason@example.net,306.908.2509x412,Low,Flagged
Veronica,Spencer,1973-05-26,ZA,186-25-2780,betty43@example.net,001-731-610-5558x445,Low,Verified
Timothy,Pope,1969-10-09,BJ,265-14-1867,gkelly@example.org,(903)877-1577x429,Low,Flagged
Kaitlin,Myers,1962-12-02,MY,661-75-2187,yflores@example.org,767-653-8765,Low,Flagged
Andrea,Gallagher,2005-04-13,LI,831-47-2836,vincent85@example.com,001-421-354-1373x4571,Low,Verified
Jennifer,Gillespie,1985-08-30,GM,262-58-0783,antoniosmith@example.org,942.246.4853,Low,Pending
Travis,Lang,1973-02-12,HT,482-71-4404,lewispatricia@example.com,406.573.9006x4680,Low,Pending
Kelly,Garcia,1972-02-19,CH,046-43-7184,john97@example.org,(939)329-5666x71851,Low,Flagged
Brenda,Curtis,1950-05-25,ME,324-71-6057,joshua74@example.com,304.422.7637x692,Low,Flagged
Katrina,Wheeler,1993-04-02,LT,452-24-9999,mejiarandy@example.com,001-869-746-6515,Low,Verified
Sandra,Davis,1977-08-16,BF,259-14-1604,larsonlucas@example.com,292-358-7970x73253,Low,Flagged
Deborah,Zamora,1964-08-08,IN,516-27-0315,gibsonhaley@example.net,515.744.6042x590,Low,Flagged
Alan,Tran,1949-03-01,CM,718-51-8158,timothynewton@example.org,+1-227-344-1644,Low,Verified
Paul,Hoffman,1976-02-14,UA,120-36-4814,goodzachary@example.com,+1-399-591-7449x9635,Low,Flagged
Benjamin,Gray,1951-07-08,BZ,870-25-8112,julia63@example.org,(218)692-6496x02101,Low,Pending
Danielle,Dixon,1975-10-26,QA,317-32-2817,cbooker@example.com,760.664.5615x9117,Low,Pending
Michael,Thompson,1970-08-13,KW,582-56-9246,oscar32@example.org,(818)435-8308x8103,Low,Verified
Christopher,Stephenson,1987-01-14,NR,219-48-4911,butleramber@example.net,(844)389-5127x54272,Low,Pending
Brent,Jones,1951-01-01,KW,293-03-7698,qjohnson@example.com,001-835-271-6233x7834,Low,Flagged
Christian,Raymond,1972-11-05,DM,612-54-6478,robertsjohn@example.org,228-256-1753x07626,Low,Flagged
Nicholas,Brown,1973-04-19,LS,762-57-1478,hcooper@example.org,541-722-1140x1005,Low,Pending
Kristen,Duffy,1992-04-11,SV,529-08-8176,eric83@example.org,6968716895,Low,Flagged
Sharon,Dillon,1977-07-26,AE,635-02-9452,evansandrea@example.com,661.530.7666,Low,Verified
Thomas,Johnson,1998-07-08,BH,056-35-9442,scottbrian@example.com,394.203.3968,High,Pending
Ryan,Hernandez,1981-12-08,AF,550-37-0142,careyerica@example.org,(564)374-8696,Low,Pending
Hannah,Shepherd,1946-01-22,KG,227-42-0766,tyoung@example.net,001-911-869-4365x565,Low,Verified
Jeffery,Martin,1971-01-10,FR,617-63-4249,cindybarron@example.com,(768)243-8991x80867,High,Pending
Nicholas,Munoz,1953-12-06,TV,063-89-9590,edwardsdonna@example.net,6545130858,Low,Verified
Thomas,Patrick,1991-08-19,TM,287-12-4751,robert05@example.com,+1-807-630-7071x69635,Low,Flagged
William,Mcconnell,1953-01-10,ET,453-29-4616,vincent91@example.net,(443)472-3266x7105,Low,Pending
Jennifer,Johnson,1972-08-04,AL,109-17-8106,bkelley@example.net,+1-660-223-8609,Low,Flagged
Anita,Keller,1953-10-05,ME,682-84-4606,ujennings@example.com,001-207-771-6613x617,Low,Pending
Benjamin,Aguilar,1966-08-12,GA,145-25-0001,steve24@example.net,+1-389-435-2696,Low,Pending
Katherine,Johnson,1948-10-24,SG,120-66-1877,mary32@example.net,(261)860-0381x0112,Low,Verified
Brady,Brown,1997-01-15,MX,396-75-4460,daniel44@example.net,001-758-464-8384x17208,Low,Flagged
Amy,Wood,1982-08-06,AF,860-05-6957,kyle31@example.net,+1-227-567-3502x852,Low,Flagged
Danny,Webb,1999-12-05,MW,214-95-9557,wandathomas@example.net,001-561-582-8524x0156,Low,Flagged
Chase,Watson,1964-01-19,GD,339-18-4410,gregorygreer@example.com,538-396-8582x147,Low,Pending
Kimberly,Evans,2007-05-18,KP,460-20-1315,misty58@example.net,294-401-2589x670,High,Verified
Michael,Jackson,1953-12-07,PK,630-43-5746,kaitlinskinner@example.org,680-334-1698,High,Flagged
William,Silva,1960-11-10,SE,512-89-3759,jessicamoore@example.net,+1-351-845-4645x2353,Low,Flagged
Barbara,Kelly,1979-12-26,KI,738-25-5566,wbenitez@example.com,(383)502-5322,Low,Flagged
Sara,Price,1967-03-21,LA,315-23-2645,pthomas@example.com,287-391-1878x798,Low,Pending
David,Hooper,1994-08-30,AZ,839-57-9057,jenniferprice@example.net,(426)335-3054,Low,Flagged
Tiffany,Campbell,1998-03-24,DO,095-20-7964,gina78@example.com,001-988-939-9253,Low,Pending
Daniel,Glenn,1996-05-21,CZ,159-25-8361,wilkinsjack@example.com,+1-607-997-7222x6426,Low,Verified
Latoya,Moran,2006-06-14,FI,717-46-9757,tamaravalentine@example.net,(820)700-8181x91852,Low,Pending
Harold,Tran,1969-03-15,AM,127-42-4129,sampsonsamuel@example.com,927-625-0718,Low,Pending
Marc,Miller,1957-08-10,NG,500-51-2145,wallacecharles@example.net,001-396-785-7191,High,Pending
Shannon,Velez,2002-11-17,NO,726-13-8342,garrett43@example.org,+1-706-655-1003x977,Low,Pending
Kimberly,Walsh,1971-01-18,NI,076-29-5005,tchen@example.com,001-553-297-7054,Low,Pending
Shelby,Acosta,2005-07-21,DE,374-98-0872,judithhowell@example.com,6795693806,Low,Pending
Christopher,Spencer,1997-05-17,TL,357-35-6195,rasmussenchristopher@example.com,(546)651-9176,Low,Pending
Amanda,Green,2002-10-13,KR,342-59-1262,lmarshall@example.org,001-617-293-5805x0133,Low,Verified
April,Brooks,1960-02-04,IN,599-78-2801,jessica80@example.org,7394270009,High,Flagged
Jennifer,Lowe,1999-08-16,DZ,082-90-0385,solisjessica@example.com,5722785375,Low,Pending
Donald,Juarez,2000-07-28,VU,674-99-0733,turnerjason@example.net,+1-635-845-3378x7881,Low,Verified
Lynn,Harrison,1992-08-09,NI,103-03-1412,rmaxwell@example.net,+1-979-886-3823,Low,Flagged
Sandra,Dunlap,1981-08-08,BE,504-58-8500,caldwelljoshua@example.com,001-442-836-8439x822,Low,Flagged
Douglas,Lee,1994-11-29,LT,269-93-4666,fdillon@example.org,+1-965-437-6168x267,Low,Pending
John,Hernandez,2006-12-22,GB,286-47-8851,pharris@example.org,001-345-936-2241x517,Low,Flagged
Tammy,Ward,1951-09-07,BD,456-75-4065,harrisgavin@example.net,538.799.7592,Low,Pending
Kayla,Thornton,1970-06-01,NI,768-76-7572,christopher03@example.net,+1-377-354-0917x851,Low,Pending
Jean,Perry,1994-04-24,CF,363-67-7263,justincampbell@example.org,(862)246-9796,Low,Flagged
Jeffery,Santos,1952-08-04,BY,352-56-1038,gina75@example.org,693.609.8948x25342,Low,Verified
Crystal,Robbins,1971-01-07,MT,784-80-0880,daltonkim@example.net,(415)478-1248x3023,Low,Pending
Roy,Stevenson,1951-07-26,BZ,321-53-5816,jonathan05@example.com,(623)592-6952x29117,Low,Flagged
Anthony,Henderson,1978-04-27,TL,559-58-1738,john21@example.org,(311)945-8154x11630,Low,Flagged
Heather,Howell,1962-01-23,RU,187-16-9984,jesseowen@example.org,(403)630-5265,Low,Verified
Bryan,Wang,1995-07-24,BS,460-81-2456,donaldrios@example.net,690.541.7211,Low,Flagged
Alan,Carter,2003-11-25,EE,362-87-3479,toddmichael@example.com,466-451-0643,Low,Pending
William,Kim,1961-09-11,MZ,216-85-4827,cindyanthony@example.org,675-625-3474x1772,Low,Pending
Dorothy,Nunez,1947-04-15,IQ,628-44-6354,larry22@example.net,671.925.4939,Low,Verified
Stephanie,Ward,1947-03-07,MN,403-07-0720,thomas82@example.com,320.841.1297,Low,Pending
Christine,Soto,1981-10-17,PG,087-07-4846,acunningham@example.net,895-771-9554x12081,Low,Verified
Edward,Hayes,1959-10-31,FJ,147-65-9271,rickey51@example.org,905-658-6044,Low,Verified
Yesenia,Valdez,1987-04-01,KN,266-95-2944,hillrobert@example.org,+1-967-929-1417x052,Low,Pending
Emily,Cardenas,1950-02-14,AL,644-94-3639,sday@example.org,449-428-1933,Low,Flagged
Chad,Williams,1964-10-01,HU,491-65-3261,johnsonjames@example.net,+1-747-363-0099x9946,Low,Pending
Matthew,Price,1998-12-29,RU,288-74-4843,wthompson@example.net,001-613-324-4690x8723,Low,Verified
Alexis,Martinez,1963-05-31,KM,196-05-5265,krystalcoleman@example.net,826.456.4087x67501,Low,Verified
Elizabeth,Stone,1953-01-19,ML,192-14-2805,nicoleanderson@example.com,001-542-391-1158,Low,Pending
Amy,Fisher,1978-10-26,WS,782-56-2762,joselewis@example.com,6373516797,Low,Pending
Amy,Caldwell,1960-12-15,IT,170-71-3438,robert00@example.net,001-620-259-8452,Low,Verified
Alex,Hodges,1960-10-22,SN,337-85-6084,robinfuller@example.com,+1-952-778-7428x583,Low,Pending
Daniel,Wilkerson,1977-09-16,PW,279-19-7711,jaime10@example.com,551-413-4078,Low,Flagged
Jessica,Graves,1975-12-26,KR,237-91-7435,rhaynes@example.org,274.272.0915x063,Low,Verified
Jeremy,Kirby,1982-04-01,CO,221-95-8368,boydsamuel@example.org,889.621.0414x0865,Low,Flagged
Carlos,Leblanc,1997-11-22,PL,246-47-1104,qleach@example.org,(373)525-8880,High,Flagged
Sheila,Beck,1993-05-16,GQ,121-78-1463,kayleedickson@example.net,740.526.0439,Low,Flagged
Tiffany,Jackson,1959-07-13,TL,282-29-0913,esalazar@example.net,638.780.1460x959,Low,Flagged
Kendra,Silva,1966-07-30,SB,870-95-9524,amandavalencia@example.com,629-479-3436,Low,Verified
Anthony,Parsons,1984-04-12,MR,384-45-9989,adam76@example.com,5164199757,Low,Verified
Stephanie,Gutierrez,2001-09-24,OM,179-57-2849,brian29@example.org,791.623.6304,Low,Verified
Tiffany,Lee,1998-07-30,CR,509-54-3749,patriciadawson@example.com,564-471-7169,Low,Pending
Patricia,Wise,1995-05-03,GH,744-17-8303,zrodriguez@example.com,4816550922,Low,Verified
Theresa,Griffin,1947-12-30,LB,393-39-2787,sanchezmichael@example.com,+1-943-984-5269x3650,Low,Flagged
Victoria,Jackson,1995-08-09,IN,627-81-9110,david27@example.net,001-425-364-6692x6733,Low,Pending
Garrett,Roberson,1957-07-23,DZ,819-33-1536,williamsdavid@example.com,(917)864-3930,Low,Verified
Todd,Young,1977-10-22,KH,344-99-4989,vrichardson@example.org,+1-531-302-9772x0231,Low,Flagged
Patricia,Butler,1998-09-23,OM,290-71-7009,edwardsmatthew@example.net,(394)569-1984,High,Pending
Michele,Lucas,1989-05-10,NO,122-67-4266,zmendez@example.com,993-619-1620,Low,Flagged
Hunter,Wagner,1981-10-14,AU,800-42-9135,james72@example.net,7269403441,Low,Verified
Mary,Melendez,1979-12-24,BF,461-79-4280,drobinson@example.net,604.504.6114x998,Low,Pending
Aaron,Davidson,2005-01-27,KN,896-52-1190,devin84@example.org,(229)410-8475x919,Low,Flagged
Carol,Smith,1967-08-10,KI,392-41-4845,christina92@example.net,+1-860-636-1342,Low,Pending
Chris,Preston,1979-04-22,CU,608-26-2428,ambervargas@example.net,494.994.8843x635,Low,Verified
Mark,Schmidt,1999-10-15,JM,043-23-1426,erin41@example.com,001-840-236-0343,Low,Pending
Matthew,Gardner,1998-07-17,KG,172-82-5295,margaret95@example.com,657.235.7249x66845,Low,Flagged
Jennifer,Lyons,2004-03-22,DJ,196-42-0945,garyrusso@example.org,771-468-5400x8298,Low,Verified
Lisa,Martinez,1998-06-02,HU,718-46-3088,michaelrios@example.com,+1-348-549-3894x2839,Low,Verified
Shane,Keller,1956-08-01,TW,846-88-3054,davidgomez@example.net,001-584-410-8464x1192,Low,Verified
Brandon,Wilson,1997-09-07,BH,023-38-4496,wisemegan@example.org,+1-999-794-9219x585,Low,Flagged
Anthony,Wood,2005-07-07,MY,140-91-2472,jennifermccall@example.com,352.390.1346x79909,Low,Pending
Corey,Roth,1956-07-07,CI,123-02-2321,sarah69@example.org,949.372.6029,Low,Pending
Wesley,Mendez,1965-06-17,CV,257-90-0300,olsenchristopher@example.com,547.321.3349x3882,Low,Flagged
Jennifer,Evans,1967-10-02,BN,010-43-8425,rpotter@example.org,(332)775-3635x6561,Low,Verified
Michelle,Lee,1945-07-21,KH,723-30-7022,hansenwendy@example.com,(429)999-8386,Low,Verified
Connie,Franklin,1978-10-26,RU,422-11-4222,mistyherrera@example.net,6405914343,Low,Verified
Patricia,Arnold,1947-04-15,LK,282-78-0525,ballardanne@example.com,612.762.7660x2878,Low,Pending
Dwayne,Morrison,1985-12-06,GE,443-28-9054,julieramsey@example.org,001-850-251-5794x0174,Low,Verified
Kirk,Jackson,1998-04-26,CN,783-06-6656,wmayer@example.net,+1-214-411-1509x2607,Low,Pending
Brian,Hess,1988-03-06,VN,712-44-2560,vanessablackwell@example.org,428-784-6400,Low,Pending
Stephanie,Johnson,1963-11-14,NL,371-50-0147,mariofuller@example.net,+1-715-409-3740x8170,Low,Pending
Samantha,Johnson,1971-01-06,RO,586-35-8627,jfoster@example.com,+1-412-430-4697,Low,Pending
Elizabeth,Black,1944-12-12,DO,301-95-3707,gallaghertheresa@example.org,902.430.0111x4984,Low,Verified
Michelle,Garcia,1990-03-03,LC,005-56-6021,brian22@example.com,001-441-276-2815x977,Low,Verified
Michael,Espinoza,1962-08-15,MN,045-97-0934,pwhite@example.org,+1-282-855-5260,Low,Pending
Robert,Mcconnell,1974-01-14,MW,704-97-5266,amberwalsh@example.org,001-540-256-7846x96575,Low,Flagged
Richard,Carr,1992-06-04,QA,770-42-3666,annaadkins@example.org,211-749-7471x54905,Low,Pending
Karen,Smith,1995-01-14,ZA,851-41-8570,aaronshepherd@example.org,974-377-1617x99128,Low,Verified
Matthew,Williams,1983-02-25,PG,173-65-8866,bakerjoe@example.net,649-572-8595,Low,Verified
Sean,Kerr,2002-09-22,PK,299-50-2653,greg47@example.org,(461)779-7757x620,High,Verified
Sharon,Rogers,1944-12-06,MC,528-99-7513,susan34@example.com,(641)517-0710x5029,Low,Pending
Susan,Trujillo,1968-01-15,MC,772-41-7087,gailmoore@example.net,001-373-345-5443x1515,Low,Verified
Daniel,Holloway,1964-12-09,VN,701-65-3248,jensenallison@example.net,001-207-348-2970x8690,Low,Flagged
Katherine,Johnson,1962-01-11,LK,140-53-5114,abrooks@example.com,551.801.3703,Low,Flagged
Sandra,Woodard,1958-03-28,TJ,820-93-6791,yvargas@example.com,(924)384-0048,Low,Pending
Chad,Ross,1948-05-21,FR,571-97-1864,gvargas@example.net,(304)558-0263x7763,Low,Verified
Carolyn,Mcclure,1997-11-30,BF,378-61-8935,amber20@example.net,(583)614-4130x564,Low,Pending
Destiny,Brown,1989-11-03,SC,458-98-1495,coxtami@example.org,(519)218-0082x2089,Low,Verified
Eric,Webb,1962-11-14,WS,695-46-9403,cbaker@example.net,(788)611-8800,Low,Verified
Anthony,Mathis,1986-10-24,VE,606-17-8004,krista46@example.net,001-970-489-8180x0020,Low,Verified
Donald,Torres,2001-06-12,HU,871-60-7116,blackchelsea@example.com,210.856.1156,Low,Pending
Mark,Mcclain,1964-10-06,ID,636-19-4669,fischerjohn@example.org,(928)450-2024,Low,Flagged
Jeffrey,Thomas,1993-05-06,SZ,726-71-2024,yhensley@example.com,776.460.9704x9608,Low,Pending
David,Rose,1975-07-24,JP,331-21-8389,jordanford@example.net,450-327-5109,Low,Verified
David,Brown,1986-06-14,PL,621-38-1323,lhernandez@example.com,664.686.4621x0631,Low,Flagged
Kelly,Davis,1988-04-28,SN,284-89-0580,samuelmeadows@example.org,(441)645-9520,Low,Pending
Stephen,Wood,1959-11-18,TM,897-71-2619,martineztracey@example.net,694-375-5299,Low,Verified
Denise,Pierce,1982-07-08,MA,199-38-9095,kellyalvarez@example.net,001-587-569-9085,Low,Verified
Travis,Obrien,1967-07-04,KG,332-15-8987,heather25@example.net,001-735-261-1423x229,Low,Pending
Jennifer,Ruiz,1970-03-01,FR,562-27-4390,lucas72@example.com,001-893-654-3321x6036,Low,Flagged
Alicia,Ramirez,2003-09-16,GR,071-28-8250,reynoldsmark@example.org,(917)910-6245x6330,Low,Pending
Jill,Hayden,1958-06-09,GQ,620-23-6810,diana47@example.org,+1-373-710-4053x594,Low,Pending
Kenneth,Green,1946-06-15,BJ,205-67-8571,chloefarrell@example.net,(412)971-3104x1271,High,Pending
Grant,Nicholson,1963-03-18,BF,230-27-0189,megan46@example.com,982.510.3849x4144,Low,Verified
Benjamin,Jones,1968-02-18,TG,218-95-8460,nancymejia@example.org,778.976.8957x2991,Low,Flagged
Mary,Velasquez,1976-10-23,UY,494-31-5922,mitchellamanda@example.net,869-788-3812,Low,Verified
Tracey,Jenkins,1999-05-20,DE,827-61-0566,nyates@example.org,810.458.8551x22428,Low,Flagged
Jennifer,Spencer,2003-11-22,ZM,604-16-1300,priscilla13@example.org,7799392858,Low,Pending
Jessica,Mendoza,1976-11-17,SD,712-98-5134,rshaw@example.net,(301)796-7063,High,Flagged
Jacob,Kennedy,1991-04-18,AU,259-34-2584,hspencer@example.org,001-660-523-4473x79541,Low,Pending
Luis,Galvan,1956-07-22,TJ,244-51-0667,mooretanya@example.com,394-254-6406x68142,Low,Pending
Robert,Jones,1988-03-22,GH,012-55-1252,melissasmith@example.com,+1-832-358-4280x90623,Low,Verified
William,Johnson,1998-10-10,GY,747-55-4259,travisgates@example.org,8779954016,Low,Verified
Kimberly,Cuevas,1996-01-22,CU,360-06-6014,vjordan@example.com,758.929.4709x6736,Low,Verified
Jason,Beck,1966-04-30,CN,168-93-5880,jenniferdiaz@example.net,342.520.8060x4364,Low,Pending
Cameron,Knight,1948-08-28,VC,644-56-8543,erin03@example.com,(429)533-7527,Low,Pending
Nicole,Stone,1960-10-17,TD,338-72-7560,michael38@example.net,710-371-9735x35225,High,Flagged
Julian,Carlson,2007-01-15,ML,435-95-4506,gordonashley@example.org,001-583-888-5359,Low,Verified
Sarah,Burke,1951-06-13,PH,685-58-9272,fergusontina@example.com,462-319-3444x896,Low,Flagged
Jason,Gonzales,1945-07-11,LV,760-36-8329,patriciahooper@example.com,3375757549,Low,Verified
Sabrina,Lopez,1955-05-06,PA,371-31-2345,justincain@example.net,918.480.9817,Low,Verified
Carrie,Mccall,1949-08-06,PG,562-84-9706,cherylwilson@example.org,001-297-613-2194x66866,Low,Pending
Jared,Owens,1947-05-11,BI,213-57-6033,jramirez@example.net,380-212-6235x400,Low,Pending
Susan,Woods,2003-03-28,SA,133-96-0176,baileyjohn@example.com,+1-716-554-3242x422,Low,Flagged
Pamela,Winters,1946-12-26,AD,649-57-2231,victoriahernandez@example.org,959-562-7447x3879,Low,Pending
Sydney,Mitchell,1990-12-16,GY,777-23-3666,mandrade@example.net,001-731-865-5443x565,Low,Verified
Abigail,Vance,1999-07-01,LR,768-45-4671,hlopez@example.net,397.757.0163x63253,Low,Pending
Mason,Patel,2006-07-06,LU,772-77-2207,tinapowell@example.org,(504)463-7335x25586,Low,Pending
Wanda,Gonzalez,1950-11-12,BT,206-38-7196,bullockjulia@example.net,001-904-657-1615x903,Low,Pending
Kayla,Harper,1977-05-24,HR,397-12-5706,callahanamy@example.net,(351)914-7248x029,Low,Verified
Zachary,Gomez,1956-08-20,CA,059-20-1922,wardsusan@example.com,(766)632-7142,Low,Verified
Adam,Jones,1965-07-27,AO,512-06-7730,scott27@example.com,001-632-202-5149x742,Low,Flagged
Russell,Freeman,1987-04-14,LT,388-67-6206,vjackson@example.com,720.263.1478x9974,Low,Verified
Ryan,Johnson,1961-10-30,BD,566-91-9565,apittman@example.net,787-729-4491,Low,Flagged
Dakota,Smith,1946-01-17,BD,532-56-7292,weaverchristopher@example.org,001-712-894-5797,Low,Pending
Preston,Anderson,1991-03-02,PW,444-52-9027,elizabethburke@example.com,001-698-679-6759x4778,Low,Pending
Jonathan,Robinson,1995-09-06,AO,038-42-8985,greilly@example.net,3129546350,Low,Pending
John,Sandoval,1958-06-22,BZ,511-82-0545,david15@example.org,+1-716-979-1160x650,Low,Pending
William,Santiago,1950-09-28,AM,487-05-9130,karenlittle@example.org,939.279.6986,Low,Flagged
Emily,Wright,1988-03-05,SB,365-19-6608,vanessa73@example.net,712.261.5508,Low,Flagged
Megan,Bell,1979-12-02,LI,581-28-1626,gregorygill@example.net,(667)811-4554,Low,Pending
Brian,Lee,1972-01-06,BJ,424-31-5165,stephaniejohnson@example.org,517-272-8794x02201,Low,Verified
Michelle,Castro,1962-10-02,PE,060-94-8050,omills@example.com,001-558-251-6334x808,Low,Flagged
Christopher,Jordan,1998-04-15,NP,143-62-8136,gwilliams@example.com,(819)518-9878x79895,Low,Flagged
Erin,White,1997-11-15,CH,041-62-5635,daniel52@example.net,477.325.3261x7930,Low,Verified
Lisa,Turner,1997-02-15,PK,761-84-7685,ldennis@example.com,(965)697-2459x191,High,Pending
Alisha,Keller,1998-05-17,BE,398-17-2900,tammyrivera@example.org,991.935.6044x2347,Low,Flagged
Michael,Duncan,1947-10-28,CO,404-91-4405,anthony32@example.net,680.380.4481x32468,Low,Flagged
Angela,Bray,1971-10-08,GM,237-77-9002,alexis89@example.com,+1-538-255-0369x46812,Low,Verified
Laura,Little,1955-06-12,MZ,259-28-9315,moralesrobert@example.org,231-383-8437x5989,Low,Pending
Michael,Mosley,1955-12-25,CL,810-75-1326,tcline@example.org,001-253-201-2466x2439,Low,Verified
Jenny,Greene,1974-05-21,OM,561-33-4720,cameron35@example.net,920-848-3978x85256,Low,Pending
Maria,Thornton,1991-05-31,TZ,195-39-8607,jonathon52@example.net,604.308.6137,Low,Verified
Heidi,Jackson,1953-06-28,IS,315-01-2951,donnaguerrero@example.net,(698)928-0626,Low,Pending
Kendra,Ramos,1989-05-01,CR,283-31-8853,eileenware@example.org,+1-312-435-8751x102,Low,Flagged
Matthew,Davis,2004-06-21,CU,641-52-2165,ugonzalez@example.org,9196735832,Low,Pending
Brandon,Johns,1954-05-27,NO,407-26-1529,staceyjones@example.net,(311)328-4439x8227,Low,Flagged
Melinda,Kelly,2006-03-06,SR,271-75-5086,wattswalter@example.org,704-492-6863x0326,Low,Pending
Melissa,Mathis,1975-02-23,CR,242-34-4288,deleonjeffrey@example.org,001-416-301-5230x7620,Low,Pending
Gwendolyn,Hanson,1976-11-18,KP,757-53-2835,timothy39@example.net,001-834-230-8268,High,Verified
Crystal,Kane,2001-04-24,PY,113-35-6531,vjimenez@example.org,+1-936-864-2998x20145,Low,Flagged
Mark,Johnson,1946-05-19,GY,744-01-4524,pcross@example.org,001-778-347-0934x670,Low,Verified
April,Dillon,1981-04-25,SE,219-73-7107,james23@example.org,(436)600-1584,Low,Flagged
Erin,Dudley,1950-10-06,TM,517-85-1280,charlesjones@example.net,(254)513-6465x36432,Low,Flagged
Shirley,Jones,1955-10-09,ST,624-87-2892,bhill@example.net,001-427-603-3601,Low,Verified
Jacob,Green,2004-01-20,SE,011-93-4807,michelletorres@example.net,(204)573-3971x4864,Low,Verified
Gary,Matthews,2006-06-07,LK,722-49-8953,leslievillanueva@example.org,523.894.7031,Low,Pending
Beth,Gallegos,2002-09-15,SY,638-74-1122,deannathompson@example.com,296.826.8898x65329,Low,Pending
Heidi,Terrell,1993-05-17,GR,687-36-1017,matthew23@example.org,+1-925-913-0889x2411,Low,Flagged
Ricky,Bates,1973-07-15,PA,149-46-5240,monicaroberts@example.net,493-696-8672,Low,Verified
Zachary,Brown,2002-11-20,ER,312-80-9323,melindaday@example.org,736-627-7303,Low,Flagged
Brittany,Lee,1962-08-07,SO,469-37-7250,hicksevan@example.org,001-604-947-0814x5256,Low,Verified
Deborah,Davis,1985-12-09,GM,626-58-4299,francislynn@example.org,(218)880-8733,Low,Pending
Kelly,Rodriguez,1964-06-13,BJ,220-43-9320,holly81@example.net,(689)639-6610x74043,Low,Verified
Bruce,Miller,1973-06-07,KH,882-60-8296,sotoanthony@example.net,465-504-3806,Low,Pending
Joanna,Davis,1960-05-14,PL,437-96-9284,kimberlysimmons@example.org,722-634-6993,Low,Verified
Sandra,Soto,1961-04-05,GE,681-81-3646,josephjones@example.org,5259159992,Low,Pending
Stephanie,Giles,1994-04-26,TL,147-45-4121,carneyaaron@example.org,(986)334-4745x01072,Low,Flagged
James,Richards,1947-03-02,ME,166-79-2692,lopezashley@example.org,269-688-5244,Low,Flagged
Heather,Blair,1968-11-06,UY,461-66-0190,nfaulkner@example.org,(662)471-3119x99911,Low,Flagged
Jessica,Smith,1947-10-27,SV,154-47-2480,susanwaters@example.net,529-630-3086,Low,Pending
Todd,King,1970-01-29,CZ,282-24-2751,chase94@example.com,001-475-740-0375x00876,Low,Flagged
Michele,Harris,1966-08-15,LY,284-95-5701,baxterpatrick@example.com,+1-294-434-4412x96542,Low,Pending
Scott,Peterson,1975-02-03,KN,594-39-2841,thomasjimmy@example.org,+1-711-864-6912x45585,Low,Verified
Sharon,Shaw,1960-02-09,BR,876-39-8042,parkswilliam@example.com,8372811099,Low,Pending
Daniel,Becker,1981-03-08,PL,701-27-3787,sara04@example.com,+1-420-984-7987x4686,Low,Flagged
Theresa,Garza,2001-04-03,TN,222-12-1350,katherine60@example.com,216.878.0178,Low,Pending
Christopher,Perez,1992-09-29,IR,148-06-5737,davidlang@example.net,+1-490-316-6272,High,Pending
John,Ross,1969-05-13,WS,649-30-6257,derickson@example.org,5734156288,Low,Flagged
Ashley,Kelly,1979-01-24,MC,664-70-8026,susangates@example.com,5822369986,Low,Flagged
Sean,Perez,1991-03-04,ER,152-36-3409,sarah79@example.net,+1-704-581-9590x79093,Low,Pending
Joseph,Hansen,1983-06-11,GB,007-07-9807,brewerjorge@example.org,6312921807,Low,Verified
Anna,Mays,1958-09-01,PA,191-47-7947,nchavez@example.org,5394492532,Low,Flagged
Christopher,Martin,1986-04-21,LY,603-53-7590,walkeranna@example.org,311-937-4155,Low,Pending
Nicolas,Ray,1956-06-13,BA,059-69-0727,kristaclark@example.org,(225)592-5749x8896,Low,Verified
Deborah,Lopez,1956-01-23,SO,787-45-6349,rosescott@example.com,(476)998-3226x686,Low,Flagged
Brent,Sandoval,1991-08-28,FM,351-11-9158,gclark@example.com,4935377900,Low,Pending
James,Wright,1966-12-08,UZ,640-55-2252,charles91@example.org,(671)296-0728,Low,Pending
Jason,Robles,1981-05-08,GE,280-31-1023,josecastillo@example.com,001-477-610-0764x647,Low,Flagged
Karen,Mendez,1992-12-18,ZW,257-64-3760,heather21@example.net,+1-765-734-0051x9317,Low,Verified
Elizabeth,Lewis,1979-01-21,ES,626-83-1952,sarahcaldwell@example.com,001-703-438-3393x98700,Low,Verified
Clarence,Martinez,1953-02-18,KR,037-07-8035,taylor32@example.org,918.530.3751,Low,Pending
Ashley,Williamson,1999-10-24,MA,096-51-5069,eric87@example.com,+1-965-244-2227x3140,Low,Verified
Elizabeth,Jackson,1963-03-10,MX,411-48-2522,ericarose@example.com,(246)359-2203x38578,Low,Verified
Janice,Camacho,1952-12-19,HN,667-60-0599,pughangelica@example.org,644.698.7401x8013,High,Verified
Juan,Johnson,1955-04-13,GD,047-27-9502,tina04@example.org,840.861.5199x28054,Low,Pending
Katie,Livingston,1973-08-15,AT,362-15-1254,kelly85@example.net,001-471-282-8022x1919,Low,Flagged
Jackson,Stewart,1976-06-04,BJ,623-09-7145,turnerjames@example.com,+1-630-300-4304x12758,Low,Pending
Melissa,Lee,1967-07-25,GA,375-99-2447,lbrown@example.com,001-940-333-1403x212,Low,Pending
Richard,Nolan,1974-07-10,AL,732-91-4015,laurenalexander@example.net,+1-969-621-7108x75750,Low,Flagged
Crystal,Nelson,1989-09-30,CY,225-40-1412,kwashington@example.org,531.663.4143x7442,Low,Pending
Donna,Blackwell,1969-02-04,PH,690-08-4639,hurstwyatt@example.com,591-240-1728x98910,Low,Pending
Ashley,Brown,1958-08-06,GE,606-88-1762,sharon02@example.org,(920)406-2318x129,Low,Flagged
Amanda,Romero,1950-01-04,SZ,856-73-3052,sean82@example.org,306-640-6114,Low,Verified
Joseph,Zavala,1946-01-08,CA,522-44-2140,victoria25@example.org,670-211-3925,Low,Pending
Jo,Garcia,2006-03-20,JP,466-73-6827,christine30@example.org,+1-551-688-5180x2986,Low,Verified
Daniel,Garcia,1946-07-09,DO,788-95-2677,fmiller@example.net,(724)357-1476,Low,Pending
Stephanie,James,1945-07-16,TG,051-56-4561,zimmermantroy@example.org,+1-698-784-3867x0182,Low,Pending
Justin,James,1950-11-02,HU,438-46-5197,schneidergeorge@example.net,(581)555-8490,Low,Verified
Marie,Young,1950-02-07,YE,741-01-0504,christophergardner@example.com,877-806-8237x8197,Low,Flagged
Shelly,Ford,1999-01-15,TH,656-17-8008,briangaines@example.org,001-439-228-2998x515,Low,Verified
Tanner,Johnson,1958-08-24,HN,309-85-2276,ajohnson@example.net,001-413-950-7430x179,Low,Flagged
Michelle,Huff,1987-08-29,AU,671-52-0983,amyhoffman@example.com,+1-707-241-7066x213,Low,Verified
Jake,Brown,1971-07-11,ER,703-26-0362,ianwhite@example.com,646.853.1796x53225,Low,Verified
Jillian,Young,1949-05-26,KN,217-44-9245,imiller@example.net,001-596-969-7012,Low,Pending
Jennifer,Robbins,1964-03-26,MK,280-76-5325,cynthiagreen@example.com,7647368537,Low,Flagged
Brian,Mcdonald,1983-10-22,UA,785-29-7162,cannonvirginia@example.com,660-817-7083x526,Low,Flagged
Kelsey,Medina,1944-12-24,MK,829-89-7970,ddominguez@example.com,001-943-530-5870,Low,Pending
Jessica,Farrell,1993-01-31,BZ,533-58-6044,leonard36@example.org,(577)773-1581x374,Low,Flagged
Nicholas,Hunter,1975-12-24,GW,460-13-8915,tbrown@example.com,001-803-676-4826,Low,Pending
Tony,Lopez,1949-07-14,TO,315-93-9835,valeriegriffin@example.com,8023792885,Low,Flagged
Jessica,Jones,2003-03-08,BS,380-24-0940,meganmoore@example.org,290-377-7207,Low,Pending
Jacob,Nelson,1963-10-11,SV,299-03-3508,sarahschmidt@example.org,250-338-3015x468,Low,Pending
Brandi,Woods,1948-02-14,NI,657-52-3055,terri79@example.org,001-427-782-5172x72789,Low,Verified
Brian,Wright,1999-10-14,RS,503-65-4104,hartcatherine@example.net,476-241-4696,Low,Pending
Ralph,Lane,1957-11-30,PS,788-15-2044,jillwilson@example.com,001-490-716-0162x249,Low,Flagged
Ronald,Wood,1970-06-02,FI,230-44-5032,laurenmoore@example.net,778-507-9125x24410,Low,Flagged
Emily,Jimenez,1962-06-23,FI,514-89-6086,rivasjared@example.net,001-220-462-2026x565,Low,Verified
Marc,Hicks,1946-01-24,AO,443-99-7809,jasonbush@example.net,(712)883-1572,Low,Flagged
Kristen,Taylor,1975-05-04,EC,817-64-9835,cindyrojas@example.org,670-312-3432x8188,Low,Flagged
Ricky,Weber,1956-06-17,VU,667-27-5372,mary96@example.org,+1-602-787-5380x79780,Low,Pending
Thomas,Weaver,1950-02-04,LI,235-95-8234,randalltodd@example.net,+1-875-634-8779x16756,Low,Flagged
Rebecca,Meyer,1962-10-03,UZ,063-66-6542,brandy75@example.org,(700)544-9195x39450,Low,Flagged
Kenneth,Lozano,1955-04-13,VC,479-19-9484,ihale@example.net,001-818-984-7414x156,Low,Verified
Gabriela,Contreras,1946-04-15,DO,079-35-5633,reynoldskathy@example.net,476-717-1804x77567,Low,Flagged
Shannon,Hines,1950-06-29,GR,168-96-2661,robertschneider@example.com,(530)560-1968x5607,Low,Flagged
Barbara,Shaw,1978-07-04,AT,284-20-2234,emartin@example.org,202-982-0251x2833,Low,Pending
Jeffrey,Boyd,1996-01-01,DJ,875-50-6511,bakerheather@example.org,(456)643-0072,Low,Verified
Christopher,Conner,1968-08-03,LI,463-45-0500,jackchambers@example.com,650-436-0371,Low,Verified
Donna,Wade,1963-07-01,HT,012-16-4904,imontoya@example.com,+1-508-961-3232x29440,Low,Pending
Bryan,Gonzalez,2000-01-28,SD,065-04-4500,ethompson@example.net,856.837.9381x10442,High,Pending
Katherine,Harrison,1973-09-01,GR,169-10-4390,tina12@example.com,001-921-855-3048x908,Low,Verified
Kayla,Hunt,1962-03-25,BG,162-22-9489,daniel81@example.org,937-494-6677x973,Low,Pending
Carmen,Stanley,1987-12-12,HR,612-76-7474,robertjohnson@example.net,(786)978-9964,Low,Flagged
Brandon,Bray,1995-04-04,SK,866-66-9727,edorsey@example.org,252.311.9674x2993,Low,Flagged
Hannah,Randall,1987-12-23,KW,239-17-1926,oramsey@example.net,+1-573-757-1137x4983,Low,Flagged
Carla,Ruiz,1978-11-12,MV,287-93-4982,sarajackson@example.org,830-202-8458x752,Low,Verified
Sheila,Bauer,1945-08-19,TL,628-30-0664,zcain@example.com,739-837-5466x2082,Low,Verified
Danielle,Dalton,1983-03-16,AT,195-32-2418,amber09@example.org,(524)546-5009x34462,Low,Verified
Tyler,Leonard,1998-03-01,GB,125-50-2819,taylorkristi@example.org,(713)216-6410x82726,Low,Verified
David,Jenkins,2006-03-31,FJ,223-76-1067,thompsonfrank@example.net,(819)672-8594,Low,Pending
Ryan,Brown,2005-12-17,IR,663-65-2592,barajasstephanie@example.com,913.243.6406,High,Pending
Carolyn,Neal,1976-12-19,YE,055-22-3887,richard96@example.org,251-802-7210,High,Verified
Shannon,Hogan,1990-01-10,DE,367-59-7376,seanrodgers@example.com,651-822-6614x40163,Low,Flagged
Christy,Evans,1976-04-12,AT,006-36-0607,lawrencelloyd@example.com,(590)903-9649x26886,Low,Verified
Thomas,Frank,1986-06-30,MY,305-46-3401,waltonanita@example.com,7305083224,Low,Verified
Riley,Smith,2001-05-06,FJ,774-27-7187,evanmartin@example.com,510.216.8179x5504,Low,Pending
Albert,Lee,2006-09-04,RW,851-34-2531,wellsjustin@example.com,722-513-9092,Low,Pending
Kayla,Murphy,2002-05-17,LC,449-67-1573,sbennett@example.org,001-222-832-3385x5196,Low,Flagged
April,Allen,1975-09-28,CU,562-50-8816,xcolon@example.net,3797482566,Low,Verified
Amber,Warner,1975-05-07,FI,889-98-5007,frostamanda@example.com,(219)457-9746x99072,Low,Verified
Daniel,Sanchez,2004-01-07,BZ,425-51-9755,alexandra25@example.com,748-865-5559x69925,Low,Pending
Brittany,Wagner,1955-07-07,KN,565-39-6095,alisonwhite@example.net,893.575.0166,Low,Flagged
Eric,Bradley,1970-04-14,SV,761-22-0916,schroederrachel@example.net,8223003917,Low,Pending
Charlene,Daniels,1961-12-15,FJ,480-03-1729,james13@example.net,3317525854,Low,Flagged
Laura,Wright,1999-08-03,PK,230-36-2653,rwoods@example.net,808.721.4762x7377,High,Pending
Casey,Rivera,1958-11-24,TT,140-94-6681,langmichael@example.org,273.771.2826,Low,Verified
Linda,Gill,1971-10-17,GR,663-40-8278,christopher48@example.com,(711)875-1496,Low,Pending
Michael,Huynh,1994-08-29,PY,894-29-5569,logan31@example.net,613-286-9435x22975,Low,Verified
Joe,Smith,1994-03-16,RW,356-71-2200,timothyvalencia@example.com,402-702-3344x4613,Low,Verified
Richard,Gonzalez,1991-05-26,PL,364-69-6284,stacypark@example.com,(633)883-3164x585,Low,Pending
Crystal,Jensen,1950-11-27,PA,597-22-6918,mmcintyre@example.net,520-216-0954x2436,Low,Flagged
Annette,Acosta,1984-10-12,RO,873-50-2499,victorcarter@example.net,(769)683-8834x7731,Low,Verified
Henry,Deleon,1962-08-13,PL,786-30-3087,jacob34@example.com,001-655-379-0044x4179,Low,Flagged
Emily,Snyder,1997-03-23,CF,849-21-7734,james42@example.com,(990)536-4790,Low,Flagged
John,Parrish,1954-10-09,SV,821-16-8900,johnstonwilliam@example.com,958-208-2583,High,Flagged
Kiara,Madden,1960-05-16,LI,661-82-2303,rachael76@example.org,(620)488-1338x682,Low,Pending
Heather,Christensen,1990-04-11,MT,387-57-7603,belinda72@example.com,(962)583-3992x78522,Low,Verified
Steven,Parker,1948-07-14,BN,565-79-8857,sbarker@example.net,+1-312-423-3836,Low,Flagged
Donald,Huber,1974-07-05,CV,591-99-5796,cuevasshelley@example.net,344.420.5509,Low,Verified
Rodney,Lopez,1953-12-19,NZ,726-97-1004,brett16@example.org,001-598-247-2489x517,Low,Flagged
Alex,Berg,2004-09-05,LI,424-15-3613,brittany33@example.com,774.247.8380x08833,Low,Flagged
Emily,Walker,1994-12-25,BN,351-84-8080,christina75@example.org,2052083599,Low,Verified
James,Hayes,1996-03-01,AT,594-67-0516,mfields@example.org,(466)789-1448x268,High,Flagged
William,Joyce,1990-05-23,ST,057-87-4581,jeffrey31@example.com,930-411-6093x09126,Low,Pending
Brian,Dean,1956-08-17,IL,082-42-9284,daniel64@example.com,(292)855-2868x167,Low,Pending
Isaac,Turner,2000-12-29,DM,017-09-1741,adamwilliams@example.org,860.330.9565,Low,Pending
Brian,Bradford,1986-10-18,VE,621-07-2063,maxwelljoyce@example.org,(458)989-6477x8517,Low,Pending
Dustin,Sanders,1957-01-29,TN,355-53-8659,mjohnson@example.org,001-614-201-1446x6456,Low,Flagged
Robert,Keller,2002-09-07,GQ,132-78-9879,wardjames@example.org,(884)935-7679x25136,Low,Pending
Daniel,Hutchinson,1984-02-11,TW,036-69-5743,bowendiane@example.org,245.266.6634x93289,Low,Verified
Belinda,Washington,2004-03-09,ME,693-45-1778,dferguson@example.com,(325)954-8339x044,Low,Flagged
Robert,Henderson,1987-03-23,IQ,590-43-8279,kristinajohnson@example.com,302.604.2286,Low,Verified
Brian,Clark,1959-07-11,CZ,776-47-3048,blackburnlindsay@example.net,001-440-575-6235x841,Low,Flagged
Jason,Williams,1987-12-09,LT,783-57-4002,stevenrandolph@example.com,001-221-441-7990x85343,Low,Flagged
Travis,Wright,1991-09-28,DK,214-11-9092,jacksonedward@example.org,726.283.2687,Low,Verified
Sarah,Miller,1962-06-04,IS,028-26-6769,christina06@example.org,915.454.3065x19235,Low,Flagged
Deborah,Walker,1996-06-09,LR,288-56-0441,amanda64@example.org,9973151445,Low,Pending
Nathan,Long,1965-10-02,SM,317-60-1180,lisa89@example.net,553.963.6239x9580,Low,Pending
Michael,Berry,1986-11-09,MG,238-19-1594,tommy89@example.com,(941)930-1876,Low,Flagged
Donald,Little,1985-12-02,OM,129-06-9758,smithamy@example.org,001-891-664-0430x4538,Low,Pending
Jacqueline,Weaver,1956-03-06,CF,885-64-6935,pfowler@example.com,(274)451-7657x61643,Low,Pending
Antonio,Johnson,2006-02-03,VU,300-90-2498,samuel99@example.org,001-858-333-1573x353,Low,Pending
Jason,Lynch,1999-04-09,KI,418-48-7201,lewismark@example.net,624.838.5448x263,Low,Verified
Laurie,Salazar,1952-07-01,HN,377-64-2017,colin74@example.org,963-388-6477x910,Low,Flagged
Carmen,Anderson,1996-02-29,MA,130-78-1788,tharmon@example.com,644.433.3150x332,Low,Verified
Shannon,Crawford,1974-01-01,ML,677-66-9156,barbara42@example.com,(452)791-8782x08929,Low,Pending
Alex,Arellano,1964-03-22,AL,643-19-8962,smithmichael@example.net,(499)893-4543x56657,Low,Pending
Marcus,Allen,1997-10-04,GA,139-32-2007,davidsmith@example.net,001-800-558-3832x2914,Low,Verified
Kenneth,Harris,1945-10-15,BA,001-54-4777,ymedina@example.org,430-518-1713x680,Low,Verified
Jasmine,George,1975-09-04,VU,675-46-9566,melendezjennifer@example.net,+1-342-765-8919,Low,Verified
David,Willis,1996-03-10,GT,419-33-6241,hdavis@example.net,(275)393-7741x659,Low,Pending
Kimberly,Hull,1965-02-10,GM,501-66-5705,joelsmith@example.com,616.596.2785,Low,Pending
Kayla,Perez,1951-08-27,IT,414-51-1560,julie53@example.org,(908)983-3028x89174,Low,Verified
Katelyn,Graham,1990-12-31,AU,515-82-8638,johnsonrichard@example.org,858-949-4995,Low,Flagged
Katie,Edwards,2006-05-17,ME,247-78-1758,rwerner@example.com,527.956.9630,Low,Pending
Toni,Harrison,1967-11-12,ME,462-16-5653,zwilliams@example.net,(711)541-6630x14625,Low,Flagged
Janet,Pittman,1957-04-11,DK,659-76-4236,benjaminkrause@example.com,470-458-2295,Low,Verified
Michael,Brown,1949-01-02,MV,380-22-8045,rebecca74@example.net,(725)833-8994x240,Low,Verified
James,Torres,1946-01-04,VN,182-45-5507,rossian@example.org,224-997-7925,Low,Pending
Donna,Shaw,1995-10-12,BO,147-07-6400,darrenjackson@example.net,531-827-7054,Low,Verified
Betty,Smith,1990-02-12,DO,010-68-1536,kristinfisher@example.net,+1-382-285-1465x0269,Low,Flagged
Brittany,Lopez,2006-07-10,DJ,280-52-4631,vcohen@example.com,761.993.8934,Low,Pending
Joshua,Harris,1988-05-30,NR,020-86-4807,bpratt@example.com,3753627187,Low,Pending
Christopher,Castaneda,1969-10-19,TJ,375-06-2001,bharmon@example.org,365-563-6916,Low,Pending
Marie,Frye,1983-04-23,KR,512-89-8494,davidscott@example.com,309-661-3869,Low,Pending
Emily,Gonzalez,1960-12-12,QA,403-83-9120,fyoung@example.org,984-292-5633x148,Low,Verified
Natalie,Villarreal,1966-02-24,KP,383-71-3059,lanemark@example.org,494-919-9268,High,Pending
Christopher,King,1972-05-09,DZ,537-38-7805,brian16@example.org,+1-413-432-9577,Low,Pending
Thomas,Jones,1968-12-09,KW,883-46-4693,ananelson@example.net,(702)251-0801,Low,Pending
Laura,Flynn,1978-02-06,TJ,108-89-0715,zvaughn@example.net,001-937-686-5996,Low,Flagged
Douglas,Cortez,1954-07-20,SM,870-31-2525,amandagarcia@example.net,+1-705-310-5944x5751,Low,Flagged
Beverly,Harrison,1958-11-28,BN,709-58-6881,lbooth@example.com,453-483-4160,Low,Pending
Leslie,Johnson,1996-07-18,JO,278-14-8267,jacobssean@example.net,837-229-7456,Low,Pending
Kelsey,Murray,1981-01-03,CV,794-29-5135,matthewblair@example.org,707.322.5354x43042,Low,Verified
John,West,1974-10-30,CD,894-37-1520,michaelrice@example.com,(807)898-0258,Low,Verified
Jesse,Harris,1945-02-27,TL,503-85-2165,spencer80@example.com,649.666.1338x9046,Low,Verified
Elizabeth,Russo,1986-05-27,NI,013-05-9428,ybrooks@example.com,(266)730-1855,Low,Pending
Ashley,Lambert,2006-04-07,GH,412-24-9106,whart@example.org,+1-211-695-3314x8669,Low,Pending
Frances,Snyder,1968-04-17,MM,304-41-8281,emily03@example.net,+1-765-629-9767,Low,Flagged
Jordan,Graham,1990-06-26,CV,642-87-9194,joshua19@example.com,+1-986-412-2491x6589,Low,Verified
Brittany,Luna,2002-06-12,IS,184-01-8968,nealadrienne@example.net,439-285-8751,Low,Pending
Sharon,Buchanan,1955-11-10,BI,850-83-0900,fwhite@example.net,5464447059,Low,Flagged
John,Bauer,1960-05-07,SZ,735-97-7032,cynthia38@example.net,(452)704-2610x85473,Low,Pending
Andrew,Rodriguez,1995-11-21,TV,772-58-5920,jessicamosley@example.com,974-431-7540,Low,Verified
Kevin,Estrada,1949-05-30,CV,135-93-5530,harrisjames@example.org,859.278.2240,Low,Verified
Matthew,Soto,1961-09-09,GB,450-17-9560,curtis01@example.org,+1-515-652-7551x593,Low,Verified
Rachel,Curtis,1960-11-05,CL,497-45-6348,kcantrell@example.com,2162229104,Low,Flagged
Kimberly,Moore,1949-05-29,QA,366-74-7993,suttonlisa@example.com,396-302-2017x212,Low,Pending
Raymond,Miller,1975-07-16,WS,760-14-1437,morganvanessa@example.com,001-685-625-1839x38869,Low,Verified
Dylan,Rush,1959-07-15,MZ,018-41-1824,whitney13@example.org,(954)403-7803x209,Low,Verified
James,Mcguire,1946-01-22,MZ,043-98-1053,brandonrichards@example.com,(949)407-8974,Low,Verified
Cheryl,Pineda,1945-10-28,TH,886-40-7154,schavez@example.org,5247564073,Low,Verified
Alejandro,Smith,1957-06-06,BE,414-84-2569,mckenzie24@example.org,001-790-861-0551,Low,Flagged
Dominique,Ponce,1995-07-23,GQ,430-20-4308,katherine01@example.net,400-686-8081x42459,Low,Verified
Monica,Parsons,2002-07-05,BB,134-14-1927,brucemoody@example.net,505.728.1335x607,Low,Flagged
Laura,Mcguire,1952-08-27,MV,508-85-6181,bennettmark@example.com,814-479-9783x0606,Low,Pending
Steven,Acosta,1999-05-12,CG,154-92-4542,patricia67@example.net,001-637-629-5060x278,Low,Verified
Maxwell,Smith,2005-01-21,BI,611-61-4744,hmedina@example.com,(993)339-0566x2555,Low,Pending
Isaac,Lester,1979-06-19,TN,346-01-9286,collinstracy@example.net,(721)820-3417x0113,Low,Flagged
Diana,Harvey,2007-08-06,TW,314-34-8348,smithcynthia@example.org,319-716-0473x555,Low,Verified
Travis,Hernandez,1971-12-10,BY,812-70-2782,nathan64@example.net,+1-588-599-8314x6109,Low,Verified
Nancy,Smith,1992-01-09,ZA,496-27-8983,fcoleman@example.com,260.625.0306x346,Low,Flagged
Lisa,Wood,1990-03-27,ES,337-07-5604,nmartinez@example.com,+1-943-432-3681x7272,Low,Pending
Brittany,Ortiz,1970-02-25,SM,771-90-3928,tbooth@example.org,001-469-531-5102x511,Low,Pending
Sue,Wyatt,1950-10-28,BH,593-66-3245,rodgersdanny@example.org,+1-784-762-2933,Low,Flagged
Diane,Allen,1995-12-29,TO,860-36-3631,fcoleman@example.net,+1-968-397-9268x22547,Low,Flagged
Eddie,Lewis,1978-01-06,SV,548-64-4614,sromero@example.net,577.498.9231,Low,Verified
Nathan,Krause,1964-06-09,BY,091-45-7638,bradleycolton@example.com,(583)298-9150x41763,Low,Flagged
Kevin,Thompson,1986-10-27,MH,007-55-1204,johnboyer@example.com,554.809.2734x9998,Low,Flagged
Deborah,Patton,1983-05-27,ID,504-82-4372,delacruzjacob@example.net,820-551-7264x35560,Low,Pending
Karen,Ramirez,1998-07-06,GM,306-81-2764,haleysherry@example.org,001-791-854-5974x3028,Low,Flagged
Erik,Durham,1962-05-22,CZ,366-40-9751,elizabeth10@example.org,(698)375-2711,Low,Pending
Tommy,Williams,1947-07-04,KN,898-46-4330,taylor23@example.org,230-968-1006,Low,Verified
Joseph,Ramirez,1949-06-02,OM,715-80-8124,apham@example.org,941-926-3489x998,Low,Pending
Jacob,Nguyen,1976-12-21,ER,269-78-6821,ashley42@example.net,+1-983-741-6204x49769,Low,Pending
Sarah,Olson,1948-06-02,ID,110-94-6641,harperjustin@example.com,+1-945-959-4978,Low,Flagged
Ricky,Morales,2007-03-14,PW,294-15-3840,cabreralaura@example.org,292-477-3515x291,Low,Pending
Megan,Macias,1988-10-30,GM,646-32-2670,greensarah@example.net,001-581-511-7140x32054,Low,Flagged
Samantha,Mueller,1997-04-26,BB,004-09-4324,ricardo89@example.org,(466)816-5775,Low,Pending
Lance,Moran,1991-05-10,TO,873-59-7705,gabriel74@example.com,924-273-7713,Low,Pending
Richard,Erickson,1948-07-03,CF,476-50-7610,currypreston@example.net,001-368-927-9079x7555,Low,Flagged
Dawn,Mitchell,2000-12-07,BE,567-28-1533,sarahhoffman@example.org,7755287566,Low,Flagged
Nicholas,Andrews,1952-11-28,DJ,633-17-9540,andrerobertson@example.org,482.357.1710,Low,Flagged
Lisa,White,1952-01-25,BI,868-56-2019,gbennett@example.net,717.219.8120,Low,Pending
Gabriela,Watson,1981-01-12,TV,743-15-0301,uvazquez@example.com,536-575-4127x0663,Low,Pending
Tammy,Bailey,1946-12-13,EC,282-28-6630,arodriguez@example.com,745-999-2889,Low,Flagged
Gregory,Herman,1981-06-11,AD,808-24-7419,cindysmith@example.net,+1-893-696-9982,Low,Verified
Phillip,Morgan,1958-02-14,DM,814-07-9011,marshalljeffrey@example.org,465-982-4785,Low,Verified
Samantha,Benson,1951-01-25,KE,473-32-3591,rachel89@example.org,4414766822,Low,Verified
Timothy,Garza,1957-03-20,LA,095-04-5451,bartlettholly@example.net,001-565-848-1743x6089,High,Pending
Brittany,White,2002-09-09,SV,169-32-4047,michael76@example.net,275-694-9532x5366,Low,Verified
Jared,Taylor,1997-10-22,BW,551-96-3274,tylerlara@example.net,668-722-9318,Low,Verified
Joseph,Romero,1980-06-30,BR,245-49-2401,thomasamanda@example.net,520-566-3962x951,Low,Flagged
John,George,1993-02-03,BI,391-06-6507,stevenwilson@example.com,001-261-726-6267x2030,Low,Flagged
Kevin,Martinez,1983-11-05,VN,612-58-5701,dbentley@example.org,968.809.9647x54794,Low,Pending
Daniel,Myers,1947-07-15,NP,284-82-1723,anthonylowe@example.org,455-591-8847,Low,Pending
Troy,Haynes,1948-04-25,BN,608-31-3950,adrianavillarreal@example.com,001-540-700-7806,Low,Flagged
Zachary,Lyons,1959-04-23,HN,852-86-1776,parksmichael@example.com,(642)680-7700x98487,Low,Flagged
Jeffrey,Page,1977-09-23,SV,865-62-2650,osbornerandy@example.org,(847)457-1546,Low,Flagged
Ethan,Campbell,1963-11-05,HT,726-90-9349,wrodriguez@example.com,993.405.0642,High,Flagged
Alexa,White,1977-01-26,LA,894-15-5427,yrobinson@example.net,001-319-252-8722,Low,Verified
John,Morgan,1975-12-06,AL,029-76-0505,hayneslauren@example.net,529.907.5961x60503,Low,Flagged
Mario,Clark,1956-11-13,AL,489-37-0865,justin97@example.org,+1-431-507-3233x14530,Low,Flagged
Kirsten,Stewart,1972-08-08,SK,182-88-3727,wtate@example.org,8636853293,Low,Verified
Amanda,Brooks,1950-07-01,AT,538-84-1315,kaitlyn31@example.org,463.992.5868,Low,Verified
Michael,Oneill,1963-11-22,JO,297-59-0587,samantha92@example.com,7357437594,Low,Flagged
David,Garcia,1962-09-20,ET,670-71-9566,victoriafisher@example.org,+1-892-754-2565x5748,Low,Flagged
Mary,Rodriguez,1985-02-01,GR,157-02-5080,annmitchell@example.org,+1-433-884-8656x4188,High,Pending
Allen,Bishop,1992-07-20,PH,891-42-3250,sadkins@example.net,425.617.7756x1292,Low,Verified
Crystal,Black,1963-11-10,MV,131-90-8853,jason92@example.net,517.382.3577x17713,Low,Verified
David,Mathis,1952-08-08,SZ,032-76-6970,monicamurray@example.com,+1-415-407-0870,Low,Pending
Michelle,Daniel,1974-12-19,BR,869-68-3109,greensamantha@example.org,719-705-5321x0981,Low,Flagged
Christine,Garcia,1985-01-07,PK,761-50-8414,sean23@example.org,8653763781,High,Pending
Evan,Miranda,1952-08-26,ZA,774-80-7424,tylermurray@example.com,579-746-6824,Low,Flagged
Laura,Miller,1953-11-20,KP,891-31-6967,brittany97@example.net,(838)294-2970,High,Verified
Maria,Maldonado,1980-05-22,AM,762-36-1132,johnsondale@example.com,(616)572-3127,Low,Verified
Jennifer,Thomas,1954-06-24,AF,330-13-8349,mgrant@example.com,(810)563-2231x6570,Low,Flagged
Billy,Thomas,2002-11-20,IE,455-66-8947,conniewilliams@example.net,482-898-6466x21508,Low,Pending
Daniel,Robles,1973-02-17,SR,589-08-3223,stephenrobinson@example.net,001-502-987-0901x79178,Low,Verified
Scott,Morrison,1986-09-19,SA,855-91-6478,wolfvalerie@example.net,+1-701-400-9350x3520,High,Flagged
Austin,Warren,1966-02-13,SN,429-76-4117,luis03@example.org,(943)895-6247x886,Low,Pending
Timothy,Thompson,2001-01-21,SR,102-56-9634,vryan@example.com,7549216771,Low,Pending
Mark,Whitehead,1968-09-07,TW,655-28-0554,adrianberg@example.org,+1-917-442-3531x53840,Low,Flagged
Michael,Hester,1950-07-10,SI,579-05-7609,kharvey@example.com,713-230-3630,Low,Flagged
Richard,Davis,1961-04-01,BR,151-68-5173,jamiefernandez@example.org,001-435-896-0705x2832,Low,Pending
Brian,Phillips,1965-04-23,KG,499-69-9255,ihopkins@example.com,001-215-529-9711x7776,Low,Verified
Brian,Walters,1986-11-06,EC,425-98-0297,jennifer88@example.org,+1-646-295-2863,Low,Flagged
James,Bullock,2002-04-06,JP,671-81-2661,johnsonmichelle@example.com,532.293.4856x1327,High,Pending
Rebecca,Buchanan,1992-03-14,BD,801-02-4309,jonathan52@example.org,263-986-0809,Low,Flagged
Jessica,Bishop,1966-02-20,JP,547-13-1568,debbie24@example.com,424-504-1139,Low,Pending
Michael,Walker,1978-03-01,DE,186-25-7141,koconnor@example.com,8368757831,Low,Flagged
Jesse,Burton,1967-09-26,AG,711-04-4634,sbenson@example.net,404.741.2675x0097,Low,Flagged
Victoria,Davis,2000-11-13,FR,160-89-5735,stephaniesantiago@example.net,(843)243-5047x958,Low,Flagged
Heather,Cruz,1996-05-14,ME,236-61-6100,patriciasalinas@example.com,001-284-288-8158,Low,Flagged
Shaun,Mitchell,1950-10-12,EE,298-48-0370,saraduncan@example.net,636-372-1687,Low,Pending
Jason,Quinn,1948-09-01,FR,132-92-2680,smithjulia@example.org,001-813-428-7429,Low,Flagged
Jonathon,Wilcox,1951-05-03,CF,847-91-2322,schoi@example.net,+1-458-868-8571x137,Low,Flagged
Clifford,Nolan,1989-10-17,BY,156-37-7742,odavis@example.net,+1-391-906-1126x017,Low,Verified
David,Lucas,1984-10-26,MG,551-99-7567,jeffrey62@example.net,+1-981-333-4856x0189,Low,Pending
Alexandra,White,1963-03-12,SO,132-31-9860,hannah68@example.net,(342)401-0782x49563,Low,Flagged
Frederick,Howard,1974-12-25,CN,836-28-7736,rodney55@example.com,+1-268-311-4267x22618,Low,Verified
Thomas,Turner,1966-09-06,BB,710-85-6105,carrmatthew@example.net,001-976-681-9421,Low,Verified
Christopher,Lee,2004-01-31,BY,007-97-4722,angel88@example.org,(238)697-1245,Low,Verified
Ethan,Rose,1984-10-09,SR,024-14-7330,lwright@example.net,829-900-2626,Low,Verified
Travis,Freeman,1969-04-09,MZ,079-32-8169,hgill@example.org,773-821-1196,Low,Pending
Dustin,Rice,1960-07-20,AF,320-50-5270,qharper@example.net,7294042794,Low,Verified
Daniel,Carter,2002-06-24,SZ,589-24-0361,ununez@example.org,7082894809,High,Flagged
Andrew,Bowman,1959-11-07,FI,810-69-2837,johnsingleton@example.com,001-897-951-8105x865,Low,Verified
Kimberly,Collins,1984-07-21,LU,359-21-0909,jmartinez@example.org,+1-967-507-7608x1688,Low,Flagged
Kristen,Myers,1975-04-22,US,864-08-3121,richard52@example.com,962-235-0826,Low,Pending
Corey,Buchanan,1978-04-27,TJ,246-71-4485,ericwoods@example.com,+1-881-285-5941x34050,Low,Verified
Donna,Cherry,2002-09-06,IQ,382-07-3791,william52@example.org,001-871-564-9809,Low,Flagged
Cynthia,Young,1978-11-18,YE,023-18-6097,shannon65@example.net,+1-565-353-9256x9654,Low,Flagged
Kenneth,Gibson,1987-05-30,GR,720-39-3379,haley54@example.com,001-688-754-1925x4482,Low,Verified
Thomas,Campbell,1979-10-15,CY,862-04-7759,ryanhicks@example.com,334.844.1246,Low,Verified
Julie,Collins,1987-10-20,IE,436-37-4243,sortega@example.net,(838)924-5774,Low,Flagged
Lisa,Taylor,1952-10-24,CA,169-07-8274,dennisjose@example.net,(520)645-2417,Low,Pending
Michael,Li,1984-06-20,CM,143-91-2233,erik92@example.org,(597)301-7911,Low,Verified
Charles,Smith,1997-03-29,TR,680-73-1984,justin05@example.org,544.788.0639x564,Low,Pending
Steve,Scott,1961-06-21,QA,230-12-7139,angela69@example.net,(893)843-8536,Low,Flagged
Jessica,Tanner,1995-12-23,JP,880-18-9462,brownmiranda@example.net,(546)786-0824,Low,Pending
Danny,Graves,2003-08-12,TO,521-65-8104,isandoval@example.org,715.941.9426x95031,Low,Pending
Brett,Diaz,1965-12-18,IN,197-26-9446,mooremichael@example.com,(751)427-1085,Low,Flagged
Cynthia,Sanchez,1997-09-15,NI,820-66-5283,angela10@example.org,884-474-5294x114,Low,Pending
Dominique,Richards,1949-11-10,MG,399-88-9037,cory19@example.net,908-756-1031x10232,Low,Verified
Dwayne,Miranda,1972-09-29,BJ,215-23-9908,moniquejohnson@example.com,(882)342-9682,Low,Pending
Shane,Walton,1971-02-15,MH,336-66-8939,hillrebecca@example.com,(588)426-7540x1682,Low,Flagged
Benjamin,Hayes,1956-03-01,LY,178-93-4880,jeremy20@example.com,001-491-506-7964,Low,Pending
Tamara,Lee,1964-12-08,MU,555-52-0611,gregory74@example.net,756-298-4516,Low,Pending
Jessica,Luna,1954-07-31,MX,100-41-7603,reesemary@example.com,9064797374,Low,Pending
Kyle,Henry,1976-02-02,GQ,425-06-4180,andersonchad@example.com,5035410653,Low,Verified
Zachary,Nash,1987-09-19,HN,132-44-9788,john70@example.org,001-444-905-0938x942,Low,Verified
Alyssa,Armstrong,1949-08-09,TM,734-99-1127,james69@example.com,(621)267-3795x705,Low,Verified
Rachel,Frank,1965-03-31,GY,208-47-6588,kayla22@example.com,(695)496-4009x18744,Low,Pending
Michael,Johnson,1997-05-11,ST,519-11-0484,dawnramos@example.net,+1-632-689-9943x3235,Low,Pending
Elizabeth,Sullivan,1946-09-16,BT,044-11-4933,samuelburke@example.com,643-644-9736,Low,Pending
Adrienne,Jones,1979-04-14,OM,200-48-1393,brenda01@example.net,001-239-920-1440x93321,Low,Flagged
Emily,Gonzalez,1967-07-19,FM,276-77-8202,alynch@example.net,001-322-452-7368x580,Low,Flagged
Kevin,Forbes,1989-10-22,FJ,549-25-0112,joseph33@example.com,296-341-1983x23431,Low,Verified
Diana,Morse,2001-04-26,UY,255-10-9882,hansonaustin@example.com,533-643-2584x20129,High,Pending
Alexander,Martinez,1976-07-30,FM,238-94-7179,stephaniebaker@example.net,+1-876-722-0478x1534,Low,Verified
Nicole,Ortiz,1987-02-10,EC,156-92-4974,johnsonjustin@example.org,(376)715-6959x956,Low,Flagged
Heather,Klein,1987-10-10,MD,589-15-3669,robertsleah@example.org,976.808.9369x0649,Low,Flagged
Scott,Jones,1994-11-15,SG,322-80-7480,richardchase@example.org,670.861.3448,High,Pending
Kimberly,Martin,1976-02-12,DK,128-75-4396,crystal55@example.net,(408)331-5440x5386,Low,Verified
Shannon,Jones,1993-10-20,SE,713-14-9518,daltonjennifer@example.net,(245)679-9383,Low,Flagged
Raymond,Avery,1994-01-08,CU,110-97-6689,uward@example.org,+1-581-893-7323x4677,Low,Pending
Marie,Smith,1982-05-26,SK,796-52-9317,michaelwelch@example.org,+1-241-892-8349x715,Low,Flagged
Kevin,Cox,1973-05-08,DO,479-21-0581,carla88@example.com,809-310-6491,Low,Flagged
Robert,James,1956-12-20,VE,222-48-8448,melissa59@example.net,517.842.6455,High,Verified
Adrienne,Ball,1975-03-20,UZ,042-76-3838,fowlerjerome@example.net,441-319-7429x32283,Low,Flagged
Judith,Morales,1967-05-08,GM,484-63-5475,claytonwagner@example.net,361.975.1804,Low,Flagged
Joann,Coffey,1974-11-12,LI,045-99-9677,shawna49@example.com,001-301-592-5044x53722,Low,Flagged
Linda,Beck,1971-09-30,CN,572-79-3892,jasonjones@example.net,679-945-5151x000,Low,Flagged
Linda,Holt,1983-01-02,ST,643-06-8992,tina55@example.net,001-623-878-2024x6842,Low,Pending
Nicole,Campbell,1968-09-08,BZ,895-04-3120,isaacjacobs@example.com,694-791-1495x029,Low,Pending
Donald,Ward,1947-07-06,JM,319-64-9858,jonathan19@example.net,234-496-0319,Low,Flagged
Cynthia,Lynch,1945-11-23,SM,403-47-5964,hmonroe@example.net,526-657-6726x8483,Low,Verified
Joseph,Griffin,1982-12-30,HU,465-69-7643,darrelljackson@example.org,+1-655-665-6861,Low,Verified
Sherri,Diaz,1948-05-31,ME,536-16-5511,fitzgeraldaaron@example.net,001-272-909-7847x5207,Low,Flagged
Lauren,Weber,1972-09-09,CY,583-24-7857,pamela08@example.com,9463851244,Low,Pending
Kimberly,Carr,1969-06-10,KM,606-28-7055,vbenjamin@example.com,576.879.6218x24018,Low,Flagged
Brandon,Leblanc,1979-07-17,NL,102-07-7339,esims@example.com,599.991.1938,Low,Pending
James,Brooks,1964-05-15,HT,712-18-9911,hammonddebra@example.org,880-634-1346x32939,Low,Verified
Lisa,Mclaughlin,1952-09-30,MA,540-73-5436,robert05@example.org,001-253-457-3051x078,Low,Verified
Felicia,Garza,1956-06-14,SY,682-14-3067,michael97@example.org,(781)747-2860,High,Pending
Mark,Kennedy,1964-12-18,LU,521-33-9107,creyes@example.org,001-538-255-5813x851,Low,Flagged
Amy,Munoz,1972-09-25,LS,819-76-1493,reeddonna@example.org,(692)842-8809x8224,Low,Pending
Anna,Pierce,1991-01-22,GE,778-41-2221,wilsonjohn@example.net,891-575-4687x279,Low,Verified
Victor,Carter,1967-01-06,HR,458-65-8502,william15@example.org,345-448-6606x8278,Low,Verified
Steven,Howell,1957-02-11,ET,686-41-6577,hnichols@example.org,(619)508-1845,Low,Pending
David,Horne,1955-06-22,GM,221-88-6402,phelpsrichard@example.org,551.697.7579x62792,Low,Flagged
Cody,Barajas,1945-06-04,SA,890-48-4370,mcneiljorge@example.net,001-457-281-9539x5048,Low,Verified
Timothy,Baker,2005-11-26,BO,726-88-0449,wallaceashley@example.org,001-758-483-7564,Low,Pending
Thomas,David,1946-10-09,PY,127-83-8765,joshua06@example.net,+1-646-343-3531x8849,High,Flagged
Paula,Clark,1955-10-28,PH,401-47-3089,adam20@example.com,980-370-5412x9351,Low,Flagged
Jason,Hayes,1999-12-02,MY,779-33-9785,nevans@example.net,897-826-6861,Low,Flagged
Derek,Parks,1951-04-23,BG,305-58-9641,fchavez@example.com,956.611.2223,Low,Verified
Christopher,Romero,1999-09-09,RU,290-34-9672,faulknerpeter@example.net,001-885-442-3834x977,Low,Pending
Kathryn,Parsons,1950-09-08,MH,776-50-1782,joshuajackson@example.net,365-880-9739x017,Low,Pending
Elizabeth,Huffman,1971-04-06,SK,302-29-5500,anna23@example.org,(848)886-2419,Low,Pending
Chad,Franco,1972-09-15,DK,227-89-1762,moorelaura@example.org,(522)807-7474,Low,Verified
Kara,Peters,1954-07-13,MG,816-25-9311,rlee@example.net,(635)680-9298x401,Low,Pending
Rebecca,Myers,1990-05-29,TM,794-83-1762,kimberly69@example.com,467.985.0117,Low,Flagged
Sheila,Escobar,1950-12-19,SA,177-68-5719,andersonrobert@example.net,+1-306-967-2636x16837,Low,Pending
Nicholas,Doyle,1962-10-07,ML,479-98-7073,rochajoseph@example.com,001-511-207-1823x4222,High,Pending
Melissa,Fuentes,2003-10-21,TT,519-81-5021,finleylinda@example.net,514-550-4228x68688,High,Flagged
Michael,Smith,1945-01-07,PE,184-94-0906,msilva@example.net,3455907396,Low,Flagged
Steven,Owen,2006-10-13,KR,208-09-7831,alexander87@example.org,665.218.0960,Low,Flagged
Edward,White,1997-09-28,ER,230-73-8737,william10@example.org,682-438-0998x694,Low,Pending
Nicholas,Alvarado,1988-07-18,AG,797-93-1744,spencer38@example.org,+1-424-709-8187,Low,Verified
Casey,Schroeder,1966-12-22,MU,884-17-9429,sanchezcarl@example.net,3734716932,Low,Pending
Sarah,Hudson,2003-06-16,BB,170-95-9918,andrewbarber@example.org,9036005388,High,Flagged
Miranda,Mitchell,1959-09-02,TN,442-75-1329,amandagarrett@example.net,304-762-0870,Low,Verified
Sarah,Salazar,1967-12-25,IE,056-44-3484,nvasquez@example.net,982-203-1588x139,Low,Pending
Jeremy,Marshall,1982-12-26,DO,308-51-3680,fatkinson@example.com,972-769-5732,Low,Verified
Mary,Hicks,1996-05-15,ZA,030-69-0803,bettysharp@example.com,(372)350-4551x8660,Low,Flagged
Crystal,Osborne,2004-08-04,TH,147-43-5444,evanssharon@example.net,+1-520-679-4826x525,Low,Verified
Christopher,Atkinson,2003-06-22,GD,767-34-9847,pabbott@example.net,001-996-660-6087x794,High,Flagged
Sara,Allen,1995-02-04,GR,762-73-2472,hoffmantonya@example.org,673.334.4374x4730,Low,Verified
Brian,Harris,1966-08-15,CZ,665-01-2868,teresa44@example.org,(259)900-2109x506,Low,Flagged
Michael,Hogan,1964-11-18,VC,722-35-7590,harrisonteresa@example.org,001-367-385-2424x47536,Low,Verified
Troy,Stephens,1994-06-05,KM,468-58-1083,manningkatie@example.net,001-873-895-1325,High,Verified
Denise,Jones,1989-01-24,TL,345-49-9161,liukaitlin@example.com,608.260.9426x7058,Low,Verified
George,Carpenter,1973-06-06,CN,704-57-1488,imacdonald@example.net,980-610-1970,Low,Flagged
Michael,Stanley,1955-06-19,KZ,109-80-9585,anthony54@example.com,653.715.1219x194,Low,Flagged
Deborah,Rodriguez,1988-01-01,AM,842-04-1173,billyklein@example.net,+1-637-821-4356,Low,Pending
Krista,Walker,1953-08-29,SR,319-32-3130,conniestone@example.com,+1-895-907-1441x59177,Low,Verified
Keith,Cannon,1951-08-29,GE,364-15-3642,cory15@example.net,(996)899-0240x27268,Low,Flagged
Jeremy,Shaw,1949-11-23,SD,511-30-8728,gcurtis@example.org,636.825.4411x06423,High,Pending
Robert,Page,1974-01-26,KP,188-57-3881,stacymiller@example.net,001-933-949-6356x89465,High,Pending
Daniel,Chase,2006-11-10,SE,681-33-5711,hendersonmark@example.org,200-545-2326,Low,Flagged
Christopher,Brown,1950-06-22,US,472-11-6199,jacob35@example.com,585-802-9986,Low,Pending
Karen,Gonzalez,2006-07-13,TO,435-85-7071,darrellwatson@example.com,001-813-657-1535x2942,Low,Pending
Olivia,Morales,1987-12-25,TJ,608-30-2096,harriskathleen@example.com,996.395.8543x698,Low,Pending
Robert,Huffman,2002-07-20,SL,578-46-4256,peter87@example.com,602-755-4981x515,Low,Pending
Mary,Clay,1984-03-18,LA,213-73-6916,wilsonwillie@example.org,642.919.9437x9989,Low,Flagged
Carrie,Jones,1984-07-07,QA,691-57-3832,ygutierrez@example.org,+1-390-504-4945x779,Low,Verified
Matthew,Brown,2006-09-12,FI,074-21-1111,orosales@example.net,8448052387,Low,Verified
Tammie,Mcdonald,1988-12-27,RU,444-37-6709,williambrooks@example.com,+1-700-272-3445x36486,Low,Pending
Lindsay,Brown,1962-05-18,FJ,741-56-8799,johnsonryan@example.net,(854)234-1397x164,Low,Flagged
Julie,Bryan,1986-03-13,AR,664-02-3695,wilcoxjoshua@example.net,+1-673-366-4976x7030,Low,Pending
Seth,Reed,1964-07-12,KZ,538-09-5778,lopezjean@example.org,211-559-1396x09596,Low,Pending
Todd,Stanley,2004-06-21,BE,658-32-7798,ninablake@example.com,823-595-3344x763,Low,Flagged
Heather,Murphy,2003-06-14,CR,249-84-0595,kimberly46@example.com,419-937-6884x749,Low,Pending
Christina,Craig,1983-04-22,KH,526-01-6232,myoung@example.org,001-477-246-7079x871,Low,Flagged
Courtney,Jacobs,1963-05-04,QA,866-47-1572,erinwalker@example.com,419-568-4765x519,Low,Flagged
Cassandra,Wolfe,1971-12-03,TL,070-03-3983,bbyrd@example.org,993-364-1341,Low,Verified
Jane,Davis,1945-04-19,GA,670-26-3598,kellytyler@example.com,205-863-3850x50587,Low,Pending
Jim,Williams,1945-03-08,IT,352-06-7228,carpenteramanda@example.org,823-973-8730x5073,Low,Verified
Caitlin,Dougherty,1953-05-05,NL,192-98-0440,sullivankevin@example.com,+1-436-667-1141x84919,High,Pending
Carl,Bradley,1996-06-20,MN,775-91-8770,kimberlypaul@example.com,(462)200-3361,Low,Pending
Sharon,Matthews,1945-02-26,GR,163-36-8447,matthewschristine@example.org,733.740.0176x86564,Low,Flagged
John,Lane,1949-01-14,IS,365-80-8109,vanessa69@example.org,(886)682-7864,Low,Pending
Christopher,Hill,2006-10-30,GE,211-69-4433,john18@example.com,719.518.5021x5942,Low,Verified
Travis,Hodges,1977-08-05,SR,045-91-8779,lisa37@example.net,4656911819,Low,Verified
April,Vaughn,1945-04-12,LV,390-86-5087,awebster@example.com,479-891-8579x83772,Low,Verified
Amanda,Martinez,1970-11-17,ZW,110-23-3260,aaronnelson@example.org,964.816.2405x7063,Low,Pending
Ariana,Brown,1973-09-05,LU,734-03-8409,moodypamela@example.net,001-261-890-1111x4066,Low,Pending
Karen,Leonard,1953-05-08,SA,732-61-5849,luisanderson@example.net,659-982-9478,Low,Verified
Jesse,Thomas,1996-06-17,MM,176-18-7590,kgrant@example.org,(901)705-8635x73416,Low,Verified
Thomas,Oliver,1962-01-01,NR,879-22-8416,sheliaroth@example.com,558-309-8458,Low,Pending
Tammy,Richardson,1966-02-22,FI,764-70-1181,mcdonaldkurt@example.net,7963349351,Low,Pending
Eric,Cox,1945-12-22,TD,404-61-4791,dawn57@example.com,700.834.1563x86786,Low,Flagged
Anne,Williams,1984-10-23,ME,798-64-3375,lfisher@example.org,305-954-9869x7444,Low,Verified
Elizabeth,Powell,1973-09-10,MA,019-24-7966,ian31@example.com,(863)927-8374x24689,Low,Verified
Emily,Simmons,1970-03-22,SI,613-71-2814,qferguson@example.org,282-800-5275x741,Low,Pending
Laura,Wolf,1967-05-25,BD,211-98-8212,kennethramos@example.org,3679594180,Low,Flagged
Jamie,Mckinney,1955-08-14,PK,519-62-9288,rebeccavaldez@example.net,(487)961-0640x8699,High,Verified
William,Baker,2005-12-03,TL,697-73-8254,csolis@example.com,001-457-606-9604x1722,Low,Flagged
Robert,Williams,1962-10-17,FM,770-59-1974,jesserobinson@example.org,910-323-9007,Low,Pending
Bethany,Chaney,1968-11-08,DK,746-52-3293,sonyalucas@example.net,001-266-449-3747,Low,Verified
Billy,Davis,1990-11-15,TJ,203-19-3959,james54@example.com,(231)495-7679,Low,Flagged
Laura,Hahn,1945-11-28,QA,801-09-0606,shawngarcia@example.com,001-604-867-7552x53161,Low,Pending
Margaret,Garcia,2006-09-03,PT,094-30-5500,jason22@example.org,518.383.1093,High,Verified
George,Young,1991-08-15,TW,826-71-6372,michaelatkins@example.com,001-528-933-3559x77409,Low,Flagged
Alexandria,Jones,1990-07-02,CH,474-67-5934,john39@example.com,001-670-613-6554x25704,Low,Flagged
Kayla,Robinson,1967-01-26,TR,055-21-2313,jeffreyallen@example.com,001-735-481-4667,High,Flagged
Shirley,Soto,1962-04-24,UG,670-27-2645,mary97@example.net,463-863-5374x0762,Low,Verified
Aaron,Ray,2001-08-07,MH,739-34-0965,littlelisa@example.com,(648)873-3517x6509,Low,Flagged
Michael,Briggs,1995-10-27,BY,662-93-7712,smithphillip@example.org,223-940-0594x71792,Low,Verified
Jeffrey,Stephens,1962-07-14,ZA,093-39-8783,owalters@example.com,001-877-821-8034,Low,Flagged
Warren,Johnson,2001-11-26,BE,631-66-8458,preeves@example.com,551.814.8250,Low,Flagged
Valerie,Robinson,1952-08-06,BN,176-34-6708,uoliver@example.net,001-720-760-1754,Low,Verified
Chad,Valentine,1994-12-13,NR,567-63-0273,annehahn@example.com,746.416.4027,Low,Verified
Mary,Daniel,1961-11-30,UA,683-75-4498,nelsonvirginia@example.org,(497)989-7737,Low,Verified
Christopher,Brown,1973-12-04,BJ,135-38-1531,tbarnes@example.com,+1-927-374-3555,Low,Verified
Richard,Anderson,1956-03-12,MZ,498-60-9765,derek02@example.org,001-767-258-0385x515,Low,Flagged
Stephanie,Anderson,1966-12-24,BZ,115-82-3113,bradleyedward@example.com,7546715695,Low,Flagged
David,Wright,1998-11-16,IS,409-43-0078,woodsmary@example.com,001-587-946-6876,Low,Flagged
Richard,Valdez,1995-05-07,MH,395-82-6276,kevin32@example.net,+1-560-473-8269x36200,Low,Verified
David,Good,1997-12-02,ST,018-26-6128,andradeglen@example.org,556-644-9942x9587,Low,Flagged
Shawn,Hinton,1951-09-21,QA,006-23-6244,nicolecox@example.net,674.982.4398x578,Low,Verified
Ashley,Hull,1957-01-12,DJ,174-80-3737,snyderwendy@example.org,682.215.5231,Low,Flagged
Kristen,Roberts,1977-01-20,CN,018-28-0672,katherinerodriguez@example.net,(699)538-7992,Low,Flagged
Lisa,Gonzales,1996-06-12,VU,848-83-6488,mayslinda@example.com,+1-547-630-4942x57822,Low,Pending
Andre,Jackson,1975-03-31,PH,865-24-1486,cordovatodd@example.net,994-835-3758x796,Low,Flagged
Sara,Harrison,1987-02-27,LU,289-45-7859,frankriddle@example.net,001-496-681-2807,High,Flagged
Charles,Davis,1972-09-22,GM,667-81-6580,bridget43@example.com,(968)757-9160,Low,Pending
John,Moon,1994-11-19,KG,771-54-6910,andersonpamela@example.com,+1-878-627-7829x4590,Low,Pending
Catherine,Allen,1999-07-08,EC,319-74-1207,tiffanyperkins@example.net,(421)564-9886x496,Low,Verified
Sarah,Mendoza,1964-10-30,KW,299-33-8085,williamslinda@example.net,5139732526,Low,Flagged
Jason,Rodriguez,1969-03-09,LK,392-50-2037,mmartin@example.org,343-430-9145,Low,Flagged
Mark,Jacobs,1961-05-26,CH,485-25-2498,michealmunoz@example.net,312-298-6571x421,Low,Pending
Holly,Sanders,1998-06-10,PT,427-61-3699,changrichard@example.com,001-218-286-9516x0910,Low,Verified
Patricia,Garrett,1962-09-13,BE,001-01-3251,adammiller@example.net,942.238.5443x49203,Low,Pending
Zachary,Alvarez,2001-09-01,PH,002-75-9548,browncameron@example.com,749-204-1120x6468,High,Verified
Debra,Harvey,1956-01-27,GB,052-55-0694,jamie36@example.com,380-705-6657x319,Low,Verified
Brittany,Kelly,1985-05-10,PH,143-22-7932,xfrank@example.org,(311)225-4689x253,Low,Flagged
Brian,Lopez,1984-03-31,SY,785-04-5363,bhamilton@example.net,(920)434-6100x8787,Low,Pending
James,Davis,1974-10-27,AD,867-19-8938,lisa62@example.com,+1-496-649-4594,Low,Pending
Tricia,Tapia,1966-05-21,PK,745-62-0225,jeremyadams@example.com,+1-742-599-0575x338,High,Pending
William,Patton,2001-01-08,SC,388-73-7144,harveywilliam@example.net,3069563445,Low,Pending
Wesley,Holmes,1979-07-05,NO,029-37-3428,sonyajohnson@example.com,(717)719-9290,Low,Pending
Steve,Mcmillan,1948-10-07,IL,115-63-6856,kevin40@example.org,690-617-8839,Low,Flagged
Jo,Harris,1982-12-03,US,626-86-7909,daniel80@example.org,(238)377-6927,Low,Flagged
Troy,Howell,1979-03-22,PY,102-10-3861,rmitchell@example.net,(414)506-3038,Low,Flagged
Robert,Jennings,1987-06-24,AE,861-28-8454,wgarcia@example.org,(736)739-3676,Low,Verified
David,Rice,1994-08-07,FR,190-82-2296,timothywilliams@example.net,+1-508-469-6995x422,Low,Pending
Patricia,Jensen,1954-01-26,MM,528-34-5465,hamptonlauren@example.com,001-928-414-3291x493,Low,Flagged
Leslie,Carter,1945-09-30,TO,081-40-1043,csullivan@example.org,285-384-5832,Low,Flagged
Manuel,Evans,1994-01-22,SM,215-08-6813,kiddjonathan@example.org,(680)204-5890,Low,Pending
Justin,Douglas,2000-10-08,ST,444-43-5471,theresa61@example.com,301-424-8611x81418,Low,Flagged
Emily,Simmons,2002-08-07,NP,276-55-8772,mnelson@example.net,+1-589-270-9393x784,Low,Verified
John,Gamble,1988-11-20,AD,788-48-6175,renee12@example.net,498.948.6295x948,Low,Verified
William,Woods,1962-03-18,SO,768-62-3460,gnunez@example.org,380-541-9569x41082,Low,Pending
Bonnie,Bennett,2005-06-25,SE,240-79-7247,samantha46@example.net,3259371255,Low,Verified
Zachary,Hall,1967-03-13,ET,069-09-7530,wmason@example.org,381-832-7640,Low,Verified
Kayla,Martinez,1945-09-21,GT,039-37-2757,angela42@example.org,472-870-6933x1387,Low,Verified
Latoya,Fischer,1989-12-21,RS,793-02-0760,claytongene@example.com,4192411022,Low,Pending
Michelle,Melton,1965-02-08,JO,707-71-0482,tuckercrystal@example.org,(773)369-5596,High,Pending
Katrina,Estrada,1996-03-03,NA,255-50-7854,norrisstephen@example.org,+1-671-427-8719x9606,Low,Pending
Nathan,Smith,1970-02-23,NZ,273-22-0794,virginia58@example.com,001-283-300-8332,Low,Flagged
John,Ponce,1968-06-17,WS,742-92-0348,stephanieedwards@example.org,+1-548-772-0181x67242,Low,Flagged
Dylan,Morgan,1997-12-08,WS,825-10-2075,wvillanueva@example.net,+1-484-969-4091x9319,Low,Flagged
Misty,Buck,1990-07-28,TO,837-59-5357,lsilva@example.net,(746)566-8894x6943,Low,Pending
Shannon,Garrison,2001-06-20,KM,304-54-6933,clarkmorgan@example.net,+1-649-547-9608x23784,Low,Flagged
Ashley,Diaz,1945-09-30,TM,575-08-4541,mkline@example.net,(294)318-0921,Low,Pending
Ashley,Davis,1999-11-13,VE,049-34-6287,georgedaniels@example.com,338-276-4048,Low,Flagged
Kathryn,Goodwin,2003-11-05,ES,162-51-5253,haysbrittany@example.org,001-234-947-7835,Low,Verified
Nicole,Little,1959-06-18,LI,519-76-3339,zhangsarah@example.org,001-416-439-6372x35998,Low,Flagged
David,Vaughn,1960-07-03,ES,607-10-4646,angelasims@example.net,(390)351-5187x35510,High,Verified
Heather,Walker,1972-12-09,UA,022-72-4948,goldenlisa@example.com,(535)808-6593,Low,Verified
Beth,Patel,1979-08-28,SI,766-27-6349,davidknight@example.net,882.471.2684x20726,Low,Flagged
Jared,Bradshaw,1961-08-19,MU,540-22-0563,michelleortiz@example.org,879.402.0566,Low,Flagged
Derrick,Morris,1987-12-29,RU,888-46-3151,ukeller@example.com,498.859.2078x38312,Low,Flagged
David,Gibson,2003-06-03,BI,454-72-4673,sherri87@example.org,614-424-1845x21299,Low,Verified
Joseph,Guerrero,1962-08-16,EC,153-88-4869,andrewskatie@example.org,+1-924-653-1930x309,Low,Flagged
Felicia,Hawkins,1988-04-06,CN,467-26-5310,riverajames@example.com,680.745.9123,Low,Verified
Joshua,Lowery,1981-10-06,OM,601-15-8837,udecker@example.com,(589)324-1449x189,Low,Verified
Eric,Smith,1978-07-18,TG,859-14-6136,judithrivera@example.com,001-968-989-7651x8942,Low,Verified
Kyle,Wagner,1994-03-28,AD,293-17-4510,kyleflores@example.com,001-838-709-7865,Low,Pending
Adam,Curry,2006-06-08,FJ,521-17-3957,amonroe@example.net,+1-520-200-2548x509,Low,Verified
Donna,Hamilton,2006-07-29,EG,495-25-9720,bburns@example.com,506.790.0811x26952,High,Pending
Anthony,Welch,1973-09-15,HN,790-46-4057,castrocarol@example.net,001-436-906-5362x5774,Low,Flagged
Greg,Jordan,1969-09-06,JM,337-84-6071,francisjohn@example.org,309.965.7223x090,Low,Pending
Paul,Schneider,1977-08-26,DK,334-61-3363,sampsonjeffrey@example.net,(518)991-3064,Low,Verified
Timothy,Hoover,1978-08-20,BN,368-38-1779,debrarowe@example.org,(975)417-7292x8248,Low,Flagged
Justin,Williams,2003-11-16,TO,850-76-8742,ronaldsimon@example.net,+1-719-492-6283x42659,Low,Flagged
Jade,Haney,1992-10-09,PE,145-70-6314,leahsweeney@example.org,+1-536-943-9490x60484,High,Pending
Amanda,Buchanan,1973-07-31,PE,285-68-6664,catherine80@example.com,001-762-750-0119x4366,Low,Flagged
Michael,Shah,1982-01-08,TM,355-75-3752,samanthabarajas@example.org,+1-974-663-5549x6050,Low,Verified
Maria,Rogers,1988-10-13,NI,030-71-5069,lisaguerrero@example.com,708-735-5315,Low,Pending
Karen,Walsh,1979-06-26,PW,520-47-2154,logancalderon@example.org,001-583-283-4225x2209,Low,Pending
Carlos,Booth,1949-12-14,SE,391-81-2605,lgreen@example.com,+1-228-917-2057,Low,Verified
Sarah,Lozano,1975-01-17,BF,599-98-1768,susansmith@example.org,+1-945-760-7211x15969,Low,Flagged
April,Ramos,1954-09-21,GN,692-89-9105,michael99@example.org,440.559.8394,Low,Verified
Megan,Williams,1989-06-21,ID,766-42-0279,raykimberly@example.net,(759)430-8383x269,Low,Pending
Wendy,Hamilton,1955-02-07,AZ,423-44-5094,hgriffith@example.org,(775)683-4198x425,Low,Flagged
Adam,Rodriguez,1960-06-16,SC,008-11-2834,mwheeler@example.com,(410)270-8686,Low,Flagged
Russell,Richardson,1981-05-02,LU,143-32-4499,alee@example.net,448-640-9621x492,Low,Pending
Joshua,Mathews,1987-01-25,US,749-46-8324,robin62@example.com,+1-326-577-2702x70886,Low,Flagged
Kristin,Martinez,1982-09-26,DZ,018-66-6629,april71@example.org,252.953.8384x75253,Low,Pending
Patricia,Nichols,1953-10-27,CA,054-85-5703,gonzalesnancy@example.org,(234)787-0093,Low,Flagged
Allison,Davis,1969-06-08,GN,142-96-5332,vargaskristin@example.org,+1-414-549-6132x04326,Low,Flagged
James,Bass,1951-05-13,DZ,021-08-4134,patricksanders@example.net,908-495-6496,Low,Pending
Victor,Schultz,1992-08-17,AD,771-12-9128,browncassie@example.net,(368)936-8566x359,Low,Pending
Shannon,Cooley,1997-04-30,EC,714-33-4916,qmarsh@example.org,(856)614-4938,Low,Flagged
Angela,Wade,1999-10-23,KE,871-97-4229,ashley39@example.org,686-962-2043,Low,Verified
Dawn,Patton,2003-09-18,DO,285-81-7083,vjohnson@example.com,753.800.9992x00552,Low,Verified
Margaret,Baker,2002-07-25,CR,675-26-8453,ihamilton@example.org,340-416-0704x21244,Low,Pending
Richard,Harris,2003-02-22,UY,075-11-6670,blanchardjennifer@example.net,+1-245-345-7032x2438,Low,Verified
Juan,West,1966-03-26,BI,824-59-9450,iestes@example.net,+1-874-663-4909x7423,Low,Flagged
Alice,Hoffman,1994-08-28,NE,546-96-0294,adamellis@example.org,+1-432-839-5677,Low,Verified
Linda,Burke,1953-11-17,MM,825-23-3656,kristen60@example.net,4803936595,Low,Pending
Deborah,Frye,1959-06-28,BA,778-07-4481,joan81@example.com,587-492-2725,Low,Verified
Shelby,Brown,1990-06-15,SR,890-60-6984,hollandtammy@example.com,001-345-307-3653,Low,Flagged
Ashley,Kelley,2003-05-03,SK,734-67-9132,george81@example.com,688.874.0137x19594,Low,Flagged
Norma,Carter,2007-05-03,TJ,122-54-5645,samantha14@example.net,(974)252-0046,Low,Verified
Kristen,Pace,1970-10-30,ET,099-28-4946,brownmonica@example.com,713-786-9455x0925,Low,Verified
Amanda,Sullivan,1992-08-05,BI,227-81-3935,daniellebrown@example.org,660-951-5926x4700,Low,Flagged
Nicole,Wilson,1952-05-23,EG,087-31-9043,tracybutler@example.org,+1-321-491-4005x75665,Low,Pending
Paul,Bailey,1946-04-03,VU,526-76-7458,destinywest@example.org,535-559-7083x411,Low,Verified
Erik,Watkins,1983-02-15,GD,508-65-6738,williamssteve@example.net,+1-363-715-5857x801,Low,Pending
Kimberly,Bruce,1978-08-01,SA,545-51-8165,longrodney@example.com,294-953-1578x8374,Low,Flagged
Lisa,Brown,1974-07-30,VU,389-32-9406,sanchezcolleen@example.org,(700)459-3627,Low,Verified
Nathan,Espinoza,1991-09-30,FJ,834-73-3636,brian65@example.net,420-406-9579x67964,Low,Verified
Mark,Robinson,2002-08-09,EG,701-85-5260,sstanley@example.com,001-555-732-0201x4554,Low,Pending
Frank,Johnson,1970-06-17,AD,611-13-5047,angelagallagher@example.net,781.546.0680x904,High,Flagged
Taylor,Gomez,1993-07-01,KI,556-78-3459,nicholas67@example.org,001-702-360-5551x99864,Low,Flagged
Megan,Powell,1945-03-31,ML,707-01-5786,dbailey@example.com,752-639-3390,High,Pending
Anna,Bruce,1995-08-24,PA,662-10-8402,nicholashuffman@example.org,766.898.6135x07518,Low,Verified
Jesse,Fisher,1981-03-05,ID,641-61-5179,helen28@example.com,207.572.5924x4673,Low,Verified
Alexander,Gray,1955-12-25,KZ,050-11-9250,brendacombs@example.net,8276780826,Low,Flagged
Brittany,Miller,1955-02-19,GD,529-82-7043,ywalton@example.org,367-883-5339,Low,Pending
Helen,Ramirez,1947-10-28,BF,173-77-1995,swansonrobert@example.net,402-791-0233,Low,Pending
Brandon,Newman,1991-03-17,MN,412-85-3336,lindseyleach@example.com,001-747-804-4084x563,Low,Verified
Mariah,Parker,1989-04-21,GE,216-83-7069,phillipatkinson@example.net,(427)349-1493x277,Low,Pending
Thomas,Miranda,1975-07-12,IR,644-33-0442,matthew07@example.com,957.789.9260x052,High,Verified
Stephanie,Sanchez,1984-07-03,AE,689-64-2908,phillipsshane@example.com,473-246-5206x8108,Low,Verified
Kyle,Hardy,1957-10-05,PA,342-67-3627,harrisonmegan@example.com,001-408-271-7016x2698,Low,Pending
David,Ochoa,1946-12-09,IS,478-28-1902,james35@example.com,3444998781,Low,Verified
Amanda,Ayala,1948-12-23,GA,818-54-7906,walkerdouglas@example.net,(215)836-2388,Low,Verified
Susan,Watson,2003-05-03,AR,134-04-1663,russellkim@example.org,767-564-1899x06918,Low,Verified
Noah,Gilbert,2001-09-10,ES,637-52-0218,jonathan37@example.org,8819381183,Low,Flagged
Robert,Dixon,1977-01-05,NO,592-24-3061,aparker@example.com,+1-452-719-0708,Low,Flagged
Cassandra,Meyer,1974-02-13,KW,718-80-0137,amybarton@example.org,670.252.9417x708,Low,Flagged
Kara,Campos,1998-04-07,BS,766-72-5936,yhopkins@example.net,(363)321-1427x4422,Low,Pending
Luke,White,1997-03-31,RS,730-10-1760,laurafranklin@example.org,335-977-8616,Low,Pending
Dakota,Guerra,1974-03-23,SB,490-79-2871,raymond16@example.com,+1-319-664-1933,Low,Flagged
Donald,Mcdaniel,1951-07-31,AE,730-69-3563,johnsonrobert@example.com,569.841.6231x5331,Low,Verified
Charlene,Chang,2007-03-03,UA,691-24-3345,mitchellleah@example.org,+1-726-881-4402x0627,Low,Pending
Jacqueline,Warner,1958-09-05,PS,322-87-5758,cindy66@example.com,8162690182,High,Verified
Bryan,Carter,1950-01-19,CU,144-03-1773,reyesmegan@example.com,881-295-9035,Low,Verified
Michael,Davis,1994-10-26,HR,013-77-9266,elizabethclark@example.net,001-223-536-6531,Low,Pending
Daniel,Garcia,2006-12-04,WS,564-82-9282,ronaldsaunders@example.org,491-221-3681,Low,Flagged
Erica,Montgomery,1987-08-06,LS,312-15-2092,angelagallagher@example.com,+1-240-410-4074x40355,Low,Verified
Cindy,Todd,1958-01-13,PE,054-40-9146,ogarza@example.net,871.248.8315,Low,Verified
Melissa,Contreras,1956-02-11,BR,674-10-9978,dakota64@example.net,781-324-6759x68194,Low,Flagged
Justin,Rose,1978-02-03,AT,427-90-4757,yjuarez@example.com,874.818.3384,Low,Verified
Aaron,Nguyen,2005-10-12,ZA,299-89-4058,stevendaniels@example.com,806.412.8766x40072,Low,Verified
James,Adkins,2001-05-07,HN,370-47-9667,shortzachary@example.net,450.481.9308,Low,Verified
Kenneth,Wright,1984-10-02,ZA,727-67-4167,justinjordan@example.net,814-525-0581x543,Low,Verified
Christine,Gallagher,1999-04-23,MX,320-62-5586,kdyer@example.net,536-573-4276x515,Low,Verified
Rachel,Dominguez,1945-05-20,MA,628-30-1645,isweeney@example.com,226-273-8297x97031,Low,Flagged
Ryan,Hess,1984-05-20,MK,179-11-8826,jamie49@example.net,206.471.5434,Low,Verified
Jennifer,Shepherd,1993-07-12,ID,760-88-1695,brownhunter@example.com,+1-599-788-0545x0514,Low,Verified
David,Little,1961-01-23,TT,882-38-1107,contreraslinda@example.com,+1-629-715-9109x3501,Low,Flagged
Brittany,Simpson,1964-06-15,BJ,544-11-7006,cynthia90@example.com,(583)781-3683x9870,Low,Pending
Danielle,Brown,1980-05-25,ME,155-73-0061,megan16@example.org,001-817-288-7455,Low,Flagged
Charles,Vasquez,1992-04-29,GA,215-85-8414,umorton@example.com,901-352-9321x754,Low,Pending
Robyn,Price,1956-08-09,SE,852-84-9146,brownkimberly@example.com,(574)732-3415x7222,Low,Flagged
Brenda,Johnson,2005-06-02,DJ,002-62-1263,tortega@example.org,+1-770-406-7814,Low,Verified
Molly,Garcia,2007-01-24,KI,217-94-0306,xbailey@example.com,+1-908-222-1766x820,Low,Verified
Jill,Myers,1965-02-23,CU,439-54-3387,marksnow@example.net,+1-371-464-3692x8074,Low,Pending
Joshua,Andrews,1961-03-15,TO,072-49-3575,qwhite@example.org,001-744-288-8057,Low,Verified
Stacy,Alvarado,1966-10-27,SY,014-54-4823,rachelburke@example.net,387-406-7065x97709,Low,Pending
Courtney,Diaz,1983-01-21,NE,257-19-8155,andre18@example.com,233-711-8090,Low,Pending
Amanda,Nelson,1987-04-12,YE,636-19-6413,owenskaren@example.com,(218)550-2398,Low,Pending
Curtis,Mendez,1977-03-03,FJ,840-27-3213,afreeman@example.net,001-746-949-0098x24074,Low,Flagged
Aaron,Barron,1952-04-19,FR,617-01-2164,zavalaregina@example.org,853-572-7590,Low,Pending
Diana,Warren,2002-10-28,KH,573-07-9500,anthony72@example.org,001-558-970-8122x697,Low,Verified
Mark,Martinez,1993-05-31,PL,508-68-6951,julie16@example.org,+1-983-364-1785x3054,Low,Pending
James,Shaw,1988-10-15,BE,896-04-2543,santanachristina@example.org,347-217-8212x006,Low,Flagged
Angela,Romero,1975-12-17,SD,462-77-6464,hbaker@example.org,+1-572-971-7289x5441,High,Flagged
Diana,Elliott,1944-11-23,CV,792-04-5974,aaroncabrera@example.com,(645)376-5904x477,Low,Verified
James,Waller,1974-06-21,RW,258-49-8726,kevin55@example.net,269.620.3076x19185,Low,Flagged
Jennifer,Gilbert,1977-08-25,DE,042-73-8746,rebecca72@example.org,(481)472-2133x492,Low,Flagged
Gary,Lawson,1954-01-06,JP,232-26-5731,simpsondavid@example.com,7476558610,Low,Verified
Miguel,Wong,1972-10-01,MM,661-02-5204,morganrobinson@example.net,511-915-8736x63763,Low,Pending
Adriana,Foster,1994-09-02,NA,804-94-8604,debrachapman@example.com,315.745.3794x06754,Low,Verified
Joe,Benson,1983-01-16,DJ,278-49-7190,barbara44@example.net,249-350-2024x621,Low,Pending
Kara,Ross,1962-11-25,DM,841-28-8646,jessica37@example.com,846.443.1148,Low,Verified
Erika,Moore,2002-08-12,RW,069-36-8293,colestephen@example.org,(613)431-5952x998,High,Flagged
Benjamin,Smith,1983-01-07,HR,475-18-6776,castillojames@example.org,500.589.8338x93700,Low,Pending
Dennis,Thomas,1956-12-21,ME,175-43-8033,tylerphillips@example.com,3239070242,Low,Flagged
Vincent,Stevens,1981-08-29,RO,866-33-4404,weissrobin@example.net,4983822655,Low,Pending
Tim,Atkinson,1992-05-27,AG,363-03-3575,jeffreyreed@example.net,(321)812-9856,Low,Flagged
Christine,Ingram,1945-07-23,MN,101-28-7720,nelsonnathan@example.org,3679763566,Low,Flagged
Adam,Scott,1973-02-09,AO,612-97-0757,caitlin54@example.net,(433)278-5202x05055,Low,Verified
Scott,Jones,1992-02-19,TO,180-19-4419,sandra12@example.org,(249)267-0415,Low,Verified
Amanda,Cochran,1999-07-25,MC,700-09-6105,listeven@example.com,778.779.9653x23101,Low,Verified
Annette,Smith,1974-03-13,SM,114-24-5638,matthewreyes@example.com,519-693-2683x49174,Low,Pending
Ashley,Hunter,1960-01-16,TL,786-92-4974,xwolfe@example.org,(652)357-2710,Low,Pending
Jessica,Anderson,1997-09-21,VN,462-53-6764,veronicafloyd@example.net,2283082785,Low,Verified
Larry,Williams,2006-06-20,CI,869-64-8573,johnsonsean@example.com,946.847.7031,Low,Flagged
Jessica,Andrade,1973-05-03,SO,229-84-5550,danielle01@example.org,(436)852-0561x30980,Low,Flagged
Sharon,Herring,1961-05-11,MA,091-62-6881,michaelcohen@example.net,992-263-6530,High,Pending
Brandon,Baker,1972-01-30,KH,342-94-0844,mendozadavid@example.com,854-297-3397,Low,Pending
Sonia,Alvarez,1966-07-03,TV,175-05-1012,tbowen@example.org,(822)667-0192x546,Low,Flagged
Monica,Smith,1986-12-16,JP,287-01-4448,bholland@example.net,593.248.0022x6499,Low,Flagged
John,King,1994-01-12,DJ,360-93-8532,tsandoval@example.com,9938528700,Low,Pending
Sara,Jones,1963-11-16,PE,761-18-9844,gatescarol@example.com,4788603939,Low,Flagged
Dennis,Jacobson,1965-10-12,AF,245-06-1584,petersonwayne@example.org,829-701-3042,Low,Flagged
Donna,Carrillo,1967-05-14,SD,297-40-9715,debra05@example.net,001-243-848-2001,High,Flagged
Victoria,Davis,1996-07-11,GT,249-90-7003,rhanson@example.com,3589471108,Low,Pending
Nicole,Martinez,1999-05-11,ZW,149-14-2188,fredericklisa@example.net,001-529-664-2120,Low,Flagged
April,Rojas,2001-08-31,MT,335-61-2829,robert65@example.org,714.418.2863,Low,Pending
Anita,Mcguire,1987-02-13,MX,755-55-8119,robert49@example.com,263-665-4572,Low,Flagged
Antonio,Green,1946-02-16,UZ,482-91-8428,patrick50@example.com,(751)413-3548x39521,Low,Pending
Lisa,Burns,1976-10-23,NP,050-45-0777,savagesarah@example.org,001-599-341-9328x1947,Low,Pending
Danielle,Adkins,1952-09-27,CV,779-21-3624,yolanda97@example.com,3502877626,Low,Verified
Robert,Simmons,1998-10-06,MR,751-17-4689,camachokimberly@example.net,8343343521,Low,Verified
Kerry,Richardson,1994-02-02,TV,562-17-0073,mcguirechristine@example.org,(988)823-2572x00285,Low,Pending
Javier,Klein,1951-08-01,GT,675-02-6498,ldunlap@example.com,001-319-248-2444x71736,Low,Flagged
Janet,James,1987-06-08,DK,846-08-6894,fgutierrez@example.net,+1-374-994-3111x681,Low,Verified
Wanda,Russell,1951-07-10,TH,689-70-0303,leslie54@example.com,8592293293,Low,Verified
Katherine,Williams,1959-02-02,JM,598-47-8674,andrea94@example.net,895-469-7193x603,Low,Verified
Barbara,Woods,1960-12-07,TD,411-98-0926,jenniferleonard@example.com,+1-414-837-3798x824,Low,Verified
Ashley,Davidson,1964-10-06,CA,776-07-3624,wpeterson@example.net,810.497.5859x047,Low,Flagged
Chase,Bell,1945-02-20,NP,603-17-3358,williamschristopher@example.net,424.879.1959x158,Low,Verified
Annette,Price,1975-08-14,KW,250-40-6381,wendyjones@example.org,+1-857-395-2486x223,Low,Verified
Jose,Bryan,1978-11-30,CU,453-58-8930,margaret06@example.com,5222223815,Low,Flagged
Dana,Harris,1972-03-20,SZ,142-25-0622,sarah84@example.com,(292)953-9497x7443,Low,Verified
Judy,Collier,1991-06-05,KH,152-76-4375,sprice@example.org,(940)376-3355,Low,Flagged
Christopher,Cruz,2006-05-08,SV,296-56-6113,kortiz@example.org,+1-933-573-7386x884,Low,Pending
